{
  "itemid": "minecraft:skull",
  "displayname": "§5Advent Calendar Display",
  "nbttag": "{ExtraAttributes:{id:\"ADVENT_CALENDAR_DISPLAY\"},HideFlags:254,ItemModel:\"minecraft:player_head\",SkullOwner:{Id:\"fec61367-1db0-30e8-af08-ce44115b7392\",Properties:{textures:[0:{Name:\"textures\",Value:\"eyJ0ZXh0dXJlcyI6eyJTS0lOIjp7InVybCI6Imh0dHA6Ly90ZXh0dXJlcy5taW5lY3JhZnQubmV0L3RleHR1cmUvODVmZGE0MmNhZjE1OWIxMTY0MDQ5Mjk3OTVmMjgxMmNiODAwOTI5ZTM0Y2I0NWJkZGZkMzA4MGFjMjg5ZjdhOSJ9fX0=\"}]},hypixelPopulated:1B},display:{Lore:[0:\"§8Furniture\",1:\"§8Holiday Cosmetic\",2:\"\",3:\"§7This exclusive §cHoliday §7cosmetic can\",4:\"§7be placed on your island or traded.\",5:\"\",6:\"§5§lEPIC\"],Name:\"§5Advent Calendar Display\"}}",
  "damage": 3,
  "lore": [
    "§8Furniture",
    "§8Holiday Cosmetic",
    "",
    "§7This exclusive §cHoliday §7cosmetic can",
    "§7be placed on your island or traded.",
    "",
    "§5§lEPIC"
  ],
  "internalname": "ADVENT_CALENDAR_DISPLAY",
  "clickcommand": "",
  "crafttext": "",
  "modver": "Firmament 3.2.0-dev+mc1.21.5+g64ef955",
  "infoType": "WIKI_URL",
  "info": [
    "https://hypixel-skyblock.fandom.com/wiki/Advent_Calendar_Display",
    "https://wiki.hypixel.net/Advent_Calendar_Display"
  ]
}