{
  "itemid": "minecraft:skull",
  "displayname": "§5Amber Material",
  "nbttag": "{ExtraAttributes:{id:\"AMBER_MATERIAL\"},HideFlags:254,ItemModel:\"minecraft:player_head\",SkullOwner:{Id:\"f38e2ada-056c-3df5-ac6c-6f03e2914c7e\",Properties:{textures:[0:{Name:\"textures\",Value:\"eyJ0ZXh0dXJlcyI6eyJTS0lOIjp7InVybCI6Imh0dHA6Ly90ZXh0dXJlcy5taW5lY3JhZnQubmV0L3RleHR1cmUvYWFjZTZiYjNhYTRjY2FjMDMxMTY4MjAyZjZkNDUzMjU5N2JjYWM2MzUxMDU5YWJkOWQxMGIyODYxMDQ5M2FlYiJ9fX0=\"}]},hypixelPopulated:1B},display:{Lore:[0:\"§8Reforge Stone\",1:\"§8Combinable in Reforge Anvil\",2:\"\",3:\"§7Applies the §9Ambered §7reforge when\",4:\"§7combined with a mining tool.\",5:\"\",6:\"§8§oPut a bunch of Amber together and\",7:\"§8§oit'll make more Amber - Throin the\",8:\"§8§oForger.\",9:\"\",10:\"§9Ambered §7(§6Legendary§7):\",11:\"§7Mining Speed: §a+100\",12:\"\",13:\"§9Ambered Bonus\",14:\"§7Increases your chances of finding\",15:\"§6Golden Goblins §7and §bDiamond Goblins\",16:\"§7while mining by §a+30%§7.\",17:\"\",18:\"§7Requires §aMining Skill Level XXX§7!\",19:\"\",20:\"§5§lEPIC REFORGE STONE\"],Name:\"§5Amber Material\"}}",
  "damage": 3,
  "lore": [
    "§8Reforge Stone",
    "§8Combinable in Reforge Anvil",
    "",
    "§7Applies the §9Ambered §7reforge when",
    "§7combined with a mining tool.",
    "",
    "§8§oPut a bunch of Amber together and",
    "§8§oit'll make more Amber - Throin the",
    "§8§oForger.",
    "",
    "§9Ambered §7(§6Legendary§7):",
    "§7Mining Speed: §a+100",
    "",
    "§9Ambered Bonus",
    "§7Increases your chances of finding",
    "§6Golden Goblins §7and §bDiamond Goblins",
    "§7while mining by §a+30%§7.",
    "",
    "§7Requires §aMining Skill Level XXX§7!",
    "",
    "§5§lEPIC REFORGE STONE"
  ],
  "internalname": "AMBER_MATERIAL",
  "clickcommand": "viewrecipe",
  "crafttext": "Requires: HotM 6",
  "modver": "Firmament 3.2.0-dev+mc1.21.5+g64ef955",
  "infoType": "WIKI_URL",
  "info": [
    "https://hypixel-skyblock.fandom.com/wiki/Amber_Material",
    "https://wiki.hypixel.net/Amber_Material"
  ],
  "recipes": [
    {
      "type": "forge",
      "inputs": [
        "GOLDEN_PLATE:1",
        "FINE_AMBER_GEM:12"
      ],
      "count": 1,
      "overrideOutputId": "AMBER_MATERIAL",
      "duration": 21600
    }
  ]
}