{
  "categories": {
    "General": [
      "SKYBLOCK_COIN",
      "MINNOW_BAIT",
      "DARK_BAIT",
      "SPOOKY_BAIT",
      "LIGHT_BAIT",
      "SPIKED_BAIT",
      "FISH_BAIT",
      "CARROT_BAIT",
      "CORRUPTED_BAIT",
      "ICE_BAIT",
      "BLESSED_BAIT",
      "SHARK_BAIT",
      "GLOWY_CHUM_BAIT",
      "HOT_BAIT",
      "WORM_BAIT",
      "WHALE_BAIT",
      "FROZEN_BAIT",
      "HOTSPOT_BAIT",
      "GRAND_EXP_BOTTLE",
      "TITANIC_EXP_BOTTLE",
      "BOBBIN_SCRIPTURES",
      "DYE_AQUAMARINE",
      "SULPHUR_ORE",
      "CORRUPTED_FRAGMENT",
      "GOLDEN_BAIT",
      "DYE_TREASURE"
    ],
    "Water": [
      "FAIRY_HELMET",
      "FAIRY_CHESTPLATE",
      "FAIRY_LEGGINGS",
      "FAIRY_BOOTS",
      "CLAY_BALL",
      "PRISMARINE_CRYSTALS",
      "PRISMARINE_SHARD",
      "ENCHANTED_PUFFERFISH",
      "RAW_FISH",
      "RAW_FISH-1",
      "RAW_FISH-2",
      "RAW_FISH-3",
      "ENCHANTED_RAW_FISH",
      "ENCHANTED_RAW_SALMON",
      "ENCHANTED_CLOWNFISH",
      "ENCHANTED_WET_SPONGE",
      "ENCHANTED_SPONGE",
      "WATER_ORB",
      "SEA_LANTERN",
      "GOLDEN_APPLE",
      "GOLD_RECORD",
      "GREEN_RECORD",
      "RECORD_10",
      "RECORD_11",
      "RECORD_12",
      "RECORD_3",
      "RECORD_9",
      "RECORD_8",
      "RECORD_7",
      "RECORD_6",
      "RECORD_5",
      "RECORD_4",
      "SPONGE",
      "GOLDEN_APPLE-1",
      "ENCHANTED_DIAMOND",
      "ENCHANTED_GOLD",
      "ENCHANTED_IRON",
      "ENCHANTED_CLAY_BALL",
      "GUARDIAN;4",
      "GUARDIAN;3",
      "GUARDIAN;2",
      "GUARDIAN;1",
      "GUARDIAN;0",
      "MUSIC_RUNE;1",
      "INK_SACK",
      "WATER_LILY",
      "RED_MUSHROOM",
      "AGARIMOO_TONGUE",
      "ROTTEN_FLESH",
      "SQUID_BOOTS",
      "PET_ITEM_FISHING_SKILL_BOOST_UNCOMMON",
      "PET_ITEM_FISHING_SKILL_BOOST_RARE",
      "PET_ITEM_FISHING_SKILL_BOOST_EPIC",
      "BONE",
      "ENCHANTED_BONE",
      "RABBIT",
      "RABBIT_HIDE",
      "RABBIT_FOOT",
      "ENCHANTED_RABBIT",
      "MUTTON",
      "WOOL",
      "ENCHANTED_MUTTON",
      "ENCHANTED_COOKED_MUTTON",
      "ENCHANTED_FEATHER",
      "ENCHANTED_ROTTEN_FLESH",
      "MAGNET;6",
      "FRAIL;6",
      "ENCHANTED_CARROT",
      "ENCHANTED_RABBIT_FOOT",
      "RABBIT_HAT",
      "CASTER;6",
      "PET_ITEM_LUCKY_CLOVER_DROP",
      "SPIKED_HOOK;6",
      "ENCHANTED_PRISMARINE_SHARD",
      "ENCHANTED_PRISMARINE_CRYSTALS",
      "LURE;6",
      "ANGLER;6",
      "FISH_AFFINITY_TALISMAN",
      "WATER_HYDRA_HEAD",
      "LUCK_OF_THE_SEA;6",
      "ENCHANTED_WATER_LILY",
      "DIVER_FRAGMENT",
      "FLYING_FISH;2",
      "FLYING_FISH;3",
      "FLYING_FISH;4",
      "BLESSING;6",
      "THE_SHREDDER",
      "SHREDDED_LINE",
      "CHUM",
      "SQUID;0",
      "SQUID;1",
      "SQUID;2",
      "SQUID;3",
      "SQUID;4",
      "DYE_BONE",
      "BOUNCY_BEACH_BALL",
      "GIANT_BOUNCY_BEACH_BALL",
      "SEA_LUMIES",
      "ENCHANTED_SEA_LUMIES",
      "MANGCORE",
      "GILL_MEMBRANE",
      "MANGROVE_LOG",
      "ENCHANTED_MANGROVE_LOG",
      "WET_BOOK",
      "GILL_MEMBRANE",
      "PET_ITEM_FORAGING_SKILL_BOOST_EPIC",
      "FLEXBONE",
      "FISH_THE_FISH"
    ],
    "Lava": [
      "MAGMA_FISH",
      "MAGMA_CREAM",
      "NETHERRACK",
      "BLAZE_POWDER",
      "COAL",
      "MAGMA_FISH_SILVER",
      "ENCHANTED_MAGMA_CREAM",
      "ENCHANTED_BLAZE_POWDER",
      "ENCHANTED_NETHER_STALK",
      "ENCHANTED_COAL",
      "LAVA_SHELL",
      "LAVA_WATER_ORB",
      "LUMP_OF_MAGMA",
      "SLUG_BOOTS",
      "MOOGMA_PELT",
      "MOOGMA_LEGGINGS",
      "CUP_OF_BLOOD",
      "BLADE_OF_THE_VOLCANO",
      "PITCHIN_KOI",
      "PYROCLASTIC_SCALE",
      "CHARM;1",
      "FLAMING_HEART",
      "FLAMING_CHESTPLATE",
      "ORB_OF_ENERGY",
      "STAFF_OF_THE_VOLCANO",
      "HORN_OF_TAURUS",
      "TAURUS_HELMET",
      "THUNDER_SHARDS",
      "ULTIMATE_FLASH;1",
      "MAGMA_LORD_FRAGMENT",
      "RADIOACTIVE_VIAL",
      "ENCHANTED_GLOWSTONE_DUST",
      "ENCHANTED_GLOWSTONE",
      "SINGED_POWDER",
      "FIRE_PROTECTION;6",
      "SAND-1",
      "ENCHANTED_RED_SAND",
      "MYCEL",
      "ENCHANTED_MYCELIUM",
      "QUARTZ",
      "ENCHANTED_QUARTZ",
      "ENCHANTED_SULPHUR",
      "ENCHANTED_BLAZE_ROD",
      "WHIPPED_MAGMA_CREAM",
      "BURNING_EYE",
      "WITHER_SOUL",
      "SPECTRE_DUST",
      "BLAZE_ASHES",
      "MUTATED_BLAZE_ASHES",
      "MAGMA_CHUNK",
      "BEZOS",
      "DIGESTED_MUSHROOMS",
      "KADA_LEAD",
      "MAGMAG",
      "GAZING_PEARL",
      "TENTACLE_MEAT",
      "LUMINO_FIBER",
      "LEATHER_CLOTH",
      "SPELL_POWDER",
      "HALLOWED_SKULL",
      "REKINDLED_EMBER_FRAGMENT",
      "FLAMES",
      "CORRUPTED_NETHER_STAR",
      "HEAVY_PEARL",
      "KUUDRA_TIER_KEY",
      "KUUDRA_HOT_TIER_KEY",
      "KUUDRA_BURNING_TIER_KEY",
      "KUUDRA_FIERY_TIER_KEY",
      "KUUDRA_INFERNAL_TIER_KEY",
      "ATTRIBUTE_SHARD_HUNTER;1",
      "ATTRIBUTE_SHARD_BLAZING_FORTUNE;1",
      "ATTRIBUTE_SHARD_INFECTION;",
      "ATTRIBUTE_SHARD_FISHING_EXPERIENCE;1",
      "ATTRIBUTE_SHARD_FISHERMAN;1",
      "ATTRIBUTE_SHARD_FISHING_SPEED;1",
      "ATTRIBUTE_SHARD_DOUBLE_HOOK;1",
      "ATTRIBUTE_SHARD_TROPHY_HUNTER;1",
      "SCORCHED_CRAB_STICK",
      "SCUTTLER_SHELL",
      "BRIMSTONE_HANDLE",
      "BURNT_TEXTS",
      "CHAIN_END_TIMES",
      "THUNDER_IN_A_BOTTLE",
      "STORM_IN_A_BOTTLE",
      "HURRICANE_IN_A_BOTTLE",
      "GILL_MEMBRANE",
      "STURDY_BONE"
    ],
    "Fishing Festival": [
      "SHARK_FIN",
      "NURSE_SHARK_TOOTH",
      "BLUE_SHARK_TOOTH",
      "TIGER_SHARK_TOOTH",
      "MEGALODON;3",
      "MEGALODON;4",
      "GREAT_WHITE_SHARK_TOOTH"
    ],
    "Winter Island": [
      "ICE",
      "SNOW_BALL",
      "PACKED_ICE",
      "ICE_HUNK",
      "BLUE_ICE_HUNK",
      "SNOWFLAKE_THE_FISH",
      "ENCHANTED_ICE",
      "ENCHANTED_PACKED_ICE",
      "WHITE_GIFT",
      "ICE_ROD",
      "ICY_SINKER",
      "SNOW_BLOCK",
      "CARROT_ITEM",
      "RED_GIFT",
      "BABY_YETI;3",
      "BABY_YETI;4",
      "YETI_ROD",
      "HILT_OF_TRUE_ICE",
      "WALNUT",
      "GREEN_GIFT",
      "PROSPERITY;1",
      "DYE_ICEBERG",
      "PARTY_GIFT"
    ],
    "Spooky Festival": [
      "GREEN_CANDY",
      "HAY_BLOCK",
      "PURPLE_CANDY",
      "LUCKY_HOOF",
      "WEREWOLF_SKIN",
      "DEEP_SEA_ORB",
      "PHANTOM_ROD",
      "PHANTOM_HOOK",
      "SOUL_FRAGMENT",
      "PET_ITEM_VAMPIRE_FANG"
    ],
    "Crystal Hollows": [
      "ROUGH_AMBER_GEM",
      "HARD_STONE",
      "WORM_MEMBRANE",
      "ROUGH_SAPPHIRE_GEM",
      "ETERNAL_FLAME_RING",
      "ROUGH_TOPAZ_GEM",
      "BLAZE_ROD",
      "MAGMA_CORE",
      "ROUGH_AMETHYST_GEM",
      "FLAWED_AMETHYST_GEM",
      "FLAWED_SAPPHIRE_GEM",
      "ROUGH_JADE_GEM",
      "FLAWED_JADE_GEM",
      "PISCARY;6",
      "DYE_CARMINE",
      "BLAZEN_SPHERE",
      "ENCHANTED_MITHRIL",
      "MITHRIL_ORE"
    ],
    "Trophy Fish": [
      "BLOBFISH_DIAMOND",
      "BLOBFISH_GOLD",
      "BLOBFISH_SILVER",
      "BLOBFISH_BRONZE",
      "FLYFISH_DIAMOND",
      "FLYFISH_GOLD",
      "FLYFISH_SILVER",
      "FLYFISH_BRONZE",
      "GOLDEN_FISH_DIAMOND",
      "GOLDEN_FISH_GOLD",
      "GOLDEN_FISH_SILVER",
      "GOLDEN_FISH_BRONZE",
      "GUSHER_DIAMOND",
      "GUSHER_GOLD",
      "GUSHER_SILVER",
      "GUSHER_BRONZE",
      "KARATE_FISH_DIAMOND",
      "KARATE_FISH_GOLD",
      "KARATE_FISH_SILVER",
      "KARATE_FISH_BRONZE",
      "LAVA_HORSE_DIAMOND",
      "LAVA_HORSE_GOLD",
      "LAVA_HORSE_SILVER",
      "LAVA_HORSE_BRONZE",
      "MANA_RAY_DIAMOND",
      "MANA_RAY_GOLD",
      "MANA_RAY_SILVER",
      "MANA_RAY_BRONZE",
      "MOLDFIN_DIAMOND",
      "MOLDFIN_GOLD",
      "MOLDFIN_SILVER",
      "MOLDFIN_BRONZE",
      "SKELETON_FISH_DIAMOND",
      "SKELETON_FISH_GOLD",
      "SKELETON_FISH_SILVER",
      "SKELETON_FISH_BRONZE",
      "SLUGFISH_DIAMOND",
      "SLUGFISH_GOLD",
      "SLUGFISH_SILVER",
      "SLUGFISH_BRONZE",
      "SOUL_FISH_DIAMOND",
      "SOUL_FISH_GOLD",
      "SOUL_FISH_SILVER",
      "SOUL_FISH_BRONZE",
      "STEAMING_HOT_FLOUNDER_DIAMOND",
      "STEAMING_HOT_FLOUNDER_GOLD",
      "STEAMING_HOT_FLOUNDER_SILVER",
      "STEAMING_HOT_FLOUNDER_BRONZE",
      "SULPHUR_SKITTER_DIAMOND",
      "SULPHUR_SKITTER_GOLD",
      "SULPHUR_SKITTER_SILVER",
      "SULPHUR_SKITTER_BRONZE",
      "VANILLE_DIAMOND",
      "VANILLE_GOLD",
      "VANILLE_SILVER",
      "VANILLE_BRONZE",
      "VOLCANIC_STONEFISH_DIAMOND",
      "VOLCANIC_STONEFISH_GOLD",
      "VOLCANIC_STONEFISH_SILVER",
      "VOLCANIC_STONEFISH_BRONZE",
      "OBFUSCATED_FISH_1_DIAMOND",
      "OBFUSCATED_FISH_1_GOLD",
      "OBFUSCATED_FISH_1_SILVER",
      "OBFUSCATED_FISH_1_BRONZE",
      "OBFUSCATED_FISH_2_DIAMOND",
      "OBFUSCATED_FISH_2_GOLD",
      "OBFUSCATED_FISH_2_SILVER",
      "OBFUSCATED_FISH_2_BRONZE",
      "OBFUSCATED_FISH_3_DIAMOND",
      "OBFUSCATED_FISH_3_GOLD",
      "OBFUSCATED_FISH_3_SILVER",
      "OBFUSCATED_FISH_3_BRONZE"
    ],
    "Junk": [
      "OLD_LEATHER_BOOT",
      "MOBY_DUCK",
      "BUSTED_BELT_BUCKLE",
      "RUSTY_COIN",
      "CAN_OF_WORMS"
    ],
    "Backwater Bayou": [
      "BRONZE_BOWL",
      "OVERFLOWING_TRASH_CAN",
      "HALF_EATEN_MUSHROOM",
      "TORN_CLOTH",
      "CALCIFIED_HEART",
      "ENCHANTED_RAW_CHICKEN",
      "RAW_CHICKEN",
      "FRIED_FEATHER",
      "SLIME_BALL",
      "ENCHANTED_SLIME_BALL",
      "ENCHANTED_SLIME_BLOCK",
      "RESPITE;1",
      "POISON_SAMPLE",
      "ALLIGATOR_SKIN",
      "BLUE_RING",
      "OCTOPUS_TENDRIL",
      "TIKI_MASK",
      "TROUBLED_BUBBLE",
      "ENCHANTED_JUNGLE_LOG",
      "ENCHANTED_CLAY_BLOCK",
      "TITANOBOA_SHED",
      "GOLD_INGOT",
      "BROKEN_RADAR",
      "EDIBLE_SEAWEED"
    ]
  }
}
