{
  "itemid": "minecraft:enchanted_book",
  "displayname": "§fEnchanted Book",
  "nbttag": "{ExtraAttributes:{enchantments:{absorb:1},id:\"ABSORB;1\"},HideFlags:254,ItemModel:\"minecraft:enchanted_book\",display:{Lore:[0:\"§9Absorb I\",1:\"§7Grants §3+1☯ Foraging Wisdom §7and\",2:\"§6+2☘ Foraging Fortune§7.\",3:\"§81k logs to tier up!\",4:\"\",5:\"§7Applicable on: §9Axe\",6:\"§7Apply Cost: §310 Exp Levels\",7:\"\",8:\"§e▲ §7Absorb cannot be combined!\",9:\"§7Use this on an item in an Anvil to\",10:\"§7apply it!\",11:\"\",12:\"§f§lCOMMON\"],Name:\"§fEnchanted Book\"},ench:[]}",
  "damage": 0,
  "lore": [
    "§9Absorb I",
    "§7Grants §3+1☯ Foraging Wisdom §7and",
    "§6+2☘ Foraging Fortune§7.",
    "§81k logs to tier up!",
    "",
    "§7Applicable on: §9Axe",
    "§7Apply Cost: §310 Exp Levels",
    "",
    "§e▲ §7Absorb cannot be combined!",
    "§7Use this on an item in an Anvil to",
    "§7apply it!",
    "",
    "§f§lCOMMON"
  ],
  "internalname": "ABSORB;1",
  "clickcommand": "",
  "crafttext": "",
  "modver": "Firmament 3.1.0-dev+mc1.21.5+g4402b1f",
  "infoType": "",
  "info": []
}