{
  "itemid": "minecraft:skull",
  "displayname": "§9Amelia (NPC)",
  "nbttag": "{HideFlags:254,SkullOwner:{Id:\"d8b44285-588c-52f1-8236-670877a703a5\",Properties:{textures:[0:{Value:\"e3RleHR1cmVzOntTS0lOOnt1cmw6Imh0dHA6Ly90ZXh0dXJlcy5taW5lY3JhZnQubmV0L3RleHR1cmUvMmQ1OTU1Y2M1YWY2ZmEzMzkwZGYzNmM5YTIzYTMyNjRjODQyNjk5MWU3NTMzYWQyZDA4MWY0MWVhMTMwYzYzYiJ9fX0\u003d\"}]}},display:{Lore:[0:\"\"],Name:\"§9Lonely Philosopher (NPC)\"},ExtraAttributes:{id:\"LONELY_PHILOSOPHER_NPC\"}}",
  "damage": 3,
  "lore": [
    ""
  ],
  "internalname": "AMELIA_NPC",
  "clickcommand": "viewrecipe",
  "modver": "2.1.0-REL",
  "infoType": "WIKI_URL",
  "info": [
    "https://hypixel-skyblock.fandom.com/wiki/Amelia",
    "https://wiki.hypixel.net/Amelia"
  ],
  "crafttext": "",
  "x": -45,
  "y": 87,
  "z": -5,
  "island": "hub",
  "recipes": [
    {
      "type": "npc_shop",
      "cost": [
        "SKYBLOCK_COIN:1000"
      ],
      "result": "PARKOUR_CONTROLLER"
    },
    {
      "type": "npc_shop",
      "cost": [
        "SKYBLOCK_COIN:1000"
      ],
      "result": "PARKOUR_POINT"
    },
    {
      "type": "npc_shop",
      "cost": [
        "SKYBLOCK_COIN:2000"
      ],
      "result": "PARKOUR_TIMES"
    },
    {
      "type": "npc_shop",
      "cost": [
        "SKYBLOCK_COIN:10000"
      ],
      "result": "SOCIAL_DISPLAY"
    },
    {
      "type": "npc_shop",
      "cost": [
        "SKYBLOCK_COIN:1000"
      ],
      "result": "EGG_HUNT"
    },
    {
      "type": "npc_shop",
      "cost": [
        "SKYBLOCK_COIN:50000"
      ],
      "result": "ISLAND_NPC"
    },
    {
      "type": "npc_shop",
      "cost": [
        "SKYBLOCK_COIN:2500"
      ],
      "result": "TIC_TAC_TOE"
    },
    {
      "type": "npc_shop",
      "cost": [
        "SKYBLOCK_COIN:2500"
      ],
      "result": "CONNECT_FOUR"
    },
    {
      "type": "npc_shop",
      "cost": [
        "SKYBLOCK_COIN:10000"
      ],
      "result": "ROCK_PAPER_SHEARS"
    },
    {
      "type": "npc_shop",
      "cost": [
        "SKYBLOCK_COIN:50000"
      ],
      "result": "SHOWCASE_BLOCK"
    }
  ]
}
