{
  "itemid": "minecraft:golden_axe",
  "displayname": "§5Savage Huntaxe - Praedator",
  "nbttag": "{ExtraAttributes:{id:\"APEX_PRAEDATOR\"},HideFlags:254,ItemModel:\"minecraft:golden_axe\",Unbreakable:1B,display:{Lore:[0:\"§8Hunting Tool\",1:\"\",2:\"§7Damage: §c+20\",3:\"\",4:\"§6Ability: Absorptio  §e§lRIGHT CLICK\",5:\"§7This weapon lets you absorb §c20% §7of\",6:\"§7the basic combat stats of any\",7:\"§7weapon.\",8:\"\",9:\"§6Ability: Vis Temperata \",10:\"§7Each strike of this weapon has its\",11:\"§7damage capped at §c33% §7of the\",12:\"§7enemy\u0027s max Health. This weapon\",13:\"§7cannot cause a fatal blow.\",14:\"\",15:\"§8§oSupra omnes, Apex Praedator solus\",16:\"§8§oregnat.\",17:\"\",18:\"§8This item can be reforged!\",19:\"§5§lEPIC AXE\"],Name:\"§5Savage Huntaxe - Praedator\"}}",
  "damage": 0,
  "lore": [
    "§8Hunting Tool",
    "",
    "§7Damage: §c+20",
    "",
    "§6Ability: Absorptio  §e§lRIGHT CLICK",
    "§7This weapon lets you absorb §c20% §7of",
    "§7the basic combat stats of any",
    "§7weapon.",
    "",
    "§6Ability: Vis Temperata ",
    "§7Each strike of this weapon has its",
    "§7damage capped at §c33% §7of the",
    "§7enemy\u0027s max Health. This weapon",
    "§7cannot cause a fatal blow.",
    "",
    "§8§oSupra omnes, Apex Praedator solus",
    "§8§oregnat.",
    "",
    "§8This item can be reforged!",
    "§5§lEPIC AXE"
  ],
  "internalname": "APEX_PRAEDATOR",
  "clickcommand": "",
  "crafttext": "",
  "modver": "Firmament 3.1.0-dev+mc1.21.5+g58be5f6",
  "infoType": "WIKI_URL",
  "info": [
    "https://wiki.hypixel.net/Savage_Huntaxe_-_Praedator"
  ],
  "recipes": [
    {
      "A1": "",
      "A2": "ENCHANTED_VINESAP:1",
      "A3": "ENCHANTED_VINESAP:1",
      "B1": "",
      "B2": "CURSUS_FERAE:1",
      "B3": "ENCHANTED_VINESAP:1",
      "C1": "",
      "C2": "STRETCHING_STICKS:8",
      "C3": "",
      "type": "crafting",
      "count": 1,
      "overrideOutputId": "APEX_PRAEDATOR"
    }
  ]
}