{
  "itemid": "minecraft:sea_lantern",
  "displayname": "§fLapis Zombie",
  "nbttag": "{ExtraAttributes:{attributes:{experience:1},id:\"ATTRIBUTE_SHARD_EXPERIENCE;1\"},HideFlags:254,ItemModel:\"minecraft:sea_lantern\",display:{Lore:[0:\"§6Experience I\",1:\"§7Grants §a+10% §7more experience orbs\",2:\"§7from killing mobs.\",3:\"\",4:\"§7You can Syphon this shard from\",5:\"§7your §aHunting Box§7.\",6:\"\",7:\"§eRight-click to send to Hunting Box!\",8:\"§eShift Right-click to move all!\",9:\"\",10:\"§f§lCOMMON COMBAT SHARD §8(ID C9)\"],Name:\"§fLapis Zombie\"}}",
  "damage": 0,
  "lore": [
    "§6Experience I",
    "§7Grants §a+10% §7more experience orbs",
    "§7from killing mobs.",
    "",
    "§7You can Syphon this shard from",
    "§7your §aHunting Box§7.",
    "",
    "§eRight-click to send to Hunting Box!",
    "§eShift Right-click to move all!",
    "",
    "§f§lCOMMON COMBAT SHARD §8(ID C9)"
  ],
  "internalname": "ATTRIBUTE_SHARD_EXPERIENCE;1",
  "clickcommand": "",
  "crafttext": "",
  "modver": "Firmament 3.1.0-dev+mc1.21.5+g58be5f6",
  "infoType": "",
  "info": []
}