{
  "itemid": "minecraft:leather_leggings",
  "displayname": "§6Aurora Leggings",
  "nbttag": "{Unbreakable:1b,HideFlags:254,display:{Lore:[0:\"§7Health: §a+205\",1:\"§7Defense: §a+55\",2:\"§7Intelligence: §a+125\",3:\" §8[§8⚔§8] §8[§8⚔§8]\",4:\"\",5:\"§8Tiered Bonus: Arcane Energy (0/4)\",6:\"§7§7Every §a1s§7, dealing §bMagic Damage§7 from an\",7:\"§7ability grants §c1§7 stack of §6Ѫ Arcane Energy§7.\",8:\"§7§8Lose 1 stack after 4s of not gaining a stack.\",9:\" \",10:\"§6Ability: Homing Missiles §e§lSNEAK\",11:\"§7§7At §c10§7 stacks, sneak to reset your\",12:\"§7stacks and shoot §a3§7 homing missiles\",13:\"§7dealing §c5,000 Damage§7 each.\",14:\"\",15:\"§7§8This item can be reforged!\",16:\"§7§4❣ §cRequires §aCombat Skill 22§c.\",17:\"§7§4❣ §cRequires Kuudra Basic Tier Completion§c.\",18:\"§6§lLEGENDARY LEGGINGS\"],color:4151035,Name:\"§6Aurora Leggings\"},ExtraAttributes:{id:\"AURORA_LEGGINGS\"}}",
  "damage": 0,
  "lore": [
    "§7Health: §a+205",
    "§7Defense: §a+55",
    "§7Intelligence: §a+125",
    " §8[§8⚔§8] §8[§8⚔§8]",
    "",
    "§8Tiered Bonus: Arcane Energy (0/4)",
    "§7§7Every §a1s§7, dealing §bMagic Damage§7 from an",
    "§7ability grants §c1§7 stack of §6Ѫ Arcane Energy§7.",
    "§7§8Lose 1 stack after 4s of not gaining a stack.",
    " ",
    "§6Ability: Homing Missiles §e§lSNEAK",
    "§7§7At §c10§7 stacks, sneak to reset your",
    "§7stacks and shoot §a3§7 homing missiles",
    "§7dealing §c5,000 Damage§7 each.",
    "",
    "§7§8This item can be reforged!",
    "§7§4❣ §cRequires §aCombat Skill 22§c.",
    "§7§4❣ §cRequires Kuudra Basic Tier Completion§c.",
    "§6§lLEGENDARY LEGGINGS"
  ],
  "internalname": "AURORA_LEGGINGS",
  "crafttext": "",
  "clickcommand": "",
  "modver": "",
  "infoType": "WIKI_URL",
  "info": [
    "https://hypixel-skyblock.fandom.com/wiki/Aurora_Leggings",
    "https://wiki.hypixel.net/Aurora_Leggings"
  ]
}