{
  "itemid": "minecraft:skull",
  "displayname": "§9Aviar (NPC)",
  "nbttag": "{SkullOwner:{Id:\"7e7e01f5-41d7-2405-8d4e-2f4a6b134a67\",Properties:{textures:[0:{Value:\"eyJ0ZXh0dXJlcyI6eyJTS0lOIjp7InVybCI6Imh0dHBzOi8vdGV4dHVyZXMubWluZWNyYWZ0Lm5ldC90ZXh0dXJlL2JkMGYyOTBlNjgwYTU3NjQxODI5YTRkYWZhODM5NDg5MTBjZTg0ZGM5OWI2MmI1MjQ2MDUwOGFmZmE0M2ZiMzkifX19\"}]},Name:\"7e7e01f5-41d7-2405-8d4e-2f4a6b134a67\"},display:{Lore:[0:\"\"],Name:\"§9Aviar (NPC)\"},ExtraAttributes:{id:\"AVIAR_NPC\"}}",
  "damage": 3,
  "lore": [
    ""
  ],
  "internalname": "AVIAR_NPC",
  "clickcommand": "",
  "modver": "2.3.2",
  "x": -360,
  "y": 118,
  "z": -971,
  "island": "crimson_isle",
  "infoType": "WIKI_URL",
  "info": [
    "https://hypixel-skyblock.fandom.com/wiki/Aviar",
    "https://wiki.hypixel.net/Aviar"
  ]
}