{
  "itemid": "minecraft:skull",
  "displayname": "§9Avorius (NPC)",
  "nbttag": "{SkullOwner:{Id:\"83e19275-5a2c-2ec7-9a37-bf2c5fe0eec6\",Properties:{textures:[0:{Value:\"eyJ0ZXh0dXJlcyI6eyJTS0lOIjp7InVybCI6Imh0dHBzOi8vdGV4dHVyZXMubWluZWNyYWZ0Lm5ldC90ZXh0dXJlL2I4ZjI1MzVhNmM5NjMxNDE4ODM3MTdjZDEwY2EyZmFmYjYwMjAyMmFhNTMyYWI4OGM2NzE3MWZhYzlhODEwNzQifX19\"}]},Name:\"83e19275-5a2c-2ec7-9a37-bf2c5fe0eec6\"},display:{Lore:[0:\"\"],Name:\"§9Avorius (NPC)\"},ExtraAttributes:{id:\"AVORIUS_NPC\"}}",
  "damage": 3,
  "lore": [
    ""
  ],
  "internalname": "AVORIUS_NPC",
  "clickcommand": "",
  "modver": "2.1.1-PRE",
  "x": -152,
  "y": 129,
  "z": -809,
  "island": "crimson_isle",
  "infoType": "WIKI_URL",
  "info": [
    "https://hypixel-skyblock.fandom.com/wiki/Avorius",
    "https://wiki.hypixel.net/Avorius"
  ]
}