{
  "itemid": "minecraft:diamond_sword",
  "displayname": "§6Halberd of the Shredded",
  "nbttag": "{ExtraAttributes:{id:\"AXE_OF_THE_SHREDDED\"},HideFlags:254,ItemModel:\"minecraft:diamond_sword\",Unbreakable:1B,display:{Lore:[0:\"§7Damage: §c+140\",1:\"§7Strength: §c+115\",2:\" §8[❁] [⚔]\",3:\"\",4:\"§7Heal §c50❤ §7per hit.\",5:\"§7Deal §a+250% §7damage to Zombies.\",6:\"§7Receive §a25% §7less damage from\",7:\"§7Zombies when held.\",8:\"§7Gain §3+45☯ Combat Wisdom§7 against\",9:\"§7Zombies.\",10:\"\",11:\"§6Ability: Throw  §e§lRIGHT CLICK\",12:\"§7Throw your Halberd, damaging all\",13:\"§7enemies in its path, dealing §c10%§7 melee\",14:\"§7damage. Consecutive throws cost §92x\",15:\"§7more mana and deal §c2x §7more damage\",16:\"§7than the previous. §8(max 16x)\",17:\"§8Mana Cost: §320\",18:\"\",19:\"§8This item can be reforged!\",20:\"§7§4☠ §cRequires §5Zombie Slayer 8§c.\",21:\"§6§lLEGENDARY SWORD\"],Name:\"§6Halberd of the Shredded\"}}",
  "damage": 0,
  "lore": [
    "§7Damage: §c+140",
    "§7Strength: §c+115",
    " §8[❁] [⚔]",
    "",
    "§7Heal §c50❤ §7per hit.",
    "§7Deal §a+250% §7damage to Zombies.",
    "§7Receive §a25% §7less damage from",
    "§7Zombies when held.",
    "§7Gain §3+45☯ Combat Wisdom§7 against",
    "§7Zombies.",
    "",
    "§6Ability: Throw  §e§lRIGHT CLICK",
    "§7Throw your Halberd, damaging all",
    "§7enemies in its path, dealing §c10%§7 melee",
    "§7damage. Consecutive throws cost §92x",
    "§7more mana and deal §c2x §7more damage",
    "§7than the previous. §8(max 16x)",
    "§8Mana Cost: §320",
    "",
    "§8This item can be reforged!",
    "§7§4☠ §cRequires §5Zombie Slayer 8§c.",
    "§6§lLEGENDARY SWORD"
  ],
  "internalname": "AXE_OF_THE_SHREDDED",
  "crafttext": "Requires: Zombie Slayer 8",
  "clickcommand": "viewrecipe",
  "modver": "Firmament 3.1.0-dev+mc1.21.5+g4402b1f",
  "infoType": "WIKI_URL",
  "info": [
    "https://hypixel-skyblock.fandom.com/wiki/Axe_of_the_Shredded",
    "https://wiki.hypixel.net/Axe_Of_The_Shredded"
  ],
  "recipes": [
    {
      "A1": "REVENANT_VISCERA:64",
      "A2": "SHARD_OF_THE_SHREDDED:1",
      "A3": "REVENANT_VISCERA:64",
      "B1": "SHARD_OF_THE_SHREDDED:1",
      "B2": "REAPER_SWORD:1",
      "B3": "SHARD_OF_THE_SHREDDED:1",
      "C1": "REVENANT_VISCERA:64",
      "C2": "SHARD_OF_THE_SHREDDED:1",
      "C3": "REVENANT_VISCERA:64",
      "type": "crafting",
      "count": 1,
      "overrideOutputId": "AXE_OF_THE_SHREDDED"
    }
  ]
}