{
    "effects": [],
    "resetVersion": "0.1.3",
    "changelogVersion": "0.5.4 // hier neue version eintragen wenn changelog angezeigt werden soll",
    "downloadMsg": true,
    "mobsSinceInq": 2,
    "inqsSinceChim": 53,
    "minotaursSinceStick": 116,
    "champsSinceRelic": 134,
    "inqsSinceLsChim": 83,
    "trackerMigration": true,
    "trackerMigration2": true,
    "highestChimMagicFind": 0,
    "highestStickMagicFind": 261,
    "hideTrackerLines": [],
    "partyBlacklist": [],
    "crownTimer": 0,
    "totalCrownCoins": 0,
    "lastCrownCoins": 0,
    "totalCrownCoinsGained": 0,
    "totalCrownCoinsSession": 0,
    "cronwTimerSession": 0,
    "ghostKills": 0,
    "sorrowDrops": 0,
    "crownOneMilCoins": 0,
    "achievementFilter": "Rarity",
    "achievementFix1": true,
    "dianaStats": {
        "name": "KobeAim",
        "sbLvl": 289,
        "eman9": false,
        "looting5daxe": true,
        "emanLvl": 7,
        "warnings": [],
        "uuid": "668fa29e0ac447eb80d486344efc3d36",
        "clover": false,
        "daxeLootingLvl": 5,
        "daxeChimLvl": 0,
        "invApi": true,
        "magicalPower": 1043,
        "enrichments": 29,
        "missingEnrichments": 1,
        "griffinRarity": "LEGENDARY",
        "griffinItem": "ANTIQUE_REMEDIES",
        "killLeaderboard": 10336,
        "mythosKills": 5898
    },
    "dianaStatsUpdated": 1751552369241,
    "lastInqDate": 84993112,
    "b2bStick": false,
    "b2bChim": false,
    "b2bChimLs": false,
    "b2bInq": false,
    "b2bChimLsInq": false
}