{
  "itemid": "minecraft:leather_boots",
  "displayname": "§6Abyssal Boots",
  "nbttag": "{ExtraAttributes:{id:\"ABYSSAL_BOOTS\"},HideFlags:254,ItemModel:\"minecraft:leather_boots\",Unbreakable:1B,display:{Lore:[0:\"§7Sea Creature Chance: §c+2%\",1:\"§7Health: §a+120\",2:\"§7Defense: §a+110\",3:\"§7Respiration: §a+5\",4:\"§7Pressure Resistance: §a+20\",5:\" §8[☂] [☘]\",6:\"\",7:\"§6Full Set Bonus: One with the Fish §7(0/4)\",8:\"§7Grants the ability to breathe\",9:\"§9permanently §7while §9underwater§7.\",10:\"\",11:\"§8Tiered Bonus: Deep Sea Diver (0/4)\",12:\"§7Grants §6+0⛃ Treasure Chance §7while\",13:\"§9underwater§7.\",14:\"\",15:\"§8This item can be reforged!\",16:\"§4❣ §cRequires §aFishing Skill 22§c.\",17:\"§6§lLEGENDARY BOOTS\"],Name:\"§6Abyssal Boots\"}}",
  "damage": 0,
  "lore": [
    "§7Sea Creature Chance: §c+2%",
    "§7Health: §a+120",
    "§7Defense: §a+110",
    "§7Respiration: §a+5",
    "§7Pressure Resistance: §a+20",
    " §8[☂] [☘]",
    "",
    "§6Full Set Bonus: One with the Fish §7(0/4)",
    "§7Grants the ability to breathe",
    "§9permanently §7while §9underwater§7.",
    "",
    "§8Tiered Bonus: Deep Sea Diver (0/4)",
    "§7Grants §6+0⛃ Treasure Chance §7while",
    "§9underwater§7.",
    "",
    "§8This item can be reforged!",
    "§4❣ §cRequires §aFishing Skill 22§c.",
    "§6§lLEGENDARY BOOTS"
  ],
  "internalname": "ABYSSAL_BOOTS",
  "clickcommand": "",
  "crafttext": "",
  "modver": "Firmament 3.1.0-dev+mc1.21.5+g4907900",
  "infoType": "WIKI_URL",
  "info": [
    "https://hypixel-skyblock.fandom.com/wiki/Abyssal_Boots",
    "https://wiki.hypixel.net/Abyssal_Boots"
  ],
  "recipes": [
    {
      "A1": "GILL_MEMBRANE:64",
      "A2": "ENCHANTED_SEA_LUMIES:8",
      "A3": "GILL_MEMBRANE:64",
      "B1": "ENCHANTED_SEA_LUMIES:8",
      "B2": "DIVER_BOOTS:1",
      "B3": "ENCHANTED_SEA_LUMIES:8",
      "C1": "GILL_MEMBRANE:64",
      "C2": "ENCHANTED_SEA_LUMIES:8",
      "C3": "GILL_MEMBRANE:64",
      "type": "crafting",
      "count": 1,
      "overrideOutputId": "ABYSSAL_BOOTS"
    }
  ]
}