{
  "itemid": "minecraft:acacia_fence_gate",
  "displayname": "§fAcacia Fence Gate",
  "nbttag": "{ExtraAttributes:{id:\"ACACIA_FENCE_GATE\"},HideFlags:254,ItemModel:\"minecraft:acacia_fence_gate\",display:{Lore:[0:\"§f§lCOMMON\"],Name:\"§fAcacia Fence Gate\"}}",
  "damage": 0,
  "lore": [
    "§f§lCOMMON"
  ],
  "internalname": "ACACIA_FENCE_GATE",
  "clickcommand": "viewrecipe",
  "crafttext": "",
  "modver": "Firmament 3.2.0-dev+mc1.21.5+g9791477",
  "infoType": "",
  "info": [],
  "vanilla": true,
  "recipe": {
    "A1": "STICK:1",
    "A2": "WOOD-4:1",
    "A3": "STICK:1",
    "B1": "STICK:1",
    "B2": "WOOD-4:1",
    "B3": "STICK:1",
    "C1": "",
    "C2": "",
    "C3": ""
  }
}