{
  "itemid": "minecraft:name_tag",
  "displayname": "§aAgatha\u0027s Coupon",
  "nbttag": "{ExtraAttributes:{id:\"AGATHA_COUPON\"},HideFlags:254,ItemModel:\"minecraft:name_tag\",display:{Lore:[0:\"§a§lUNCOMMON\"],Name:\"§aAgatha\u0027s Coupon\"}}",
  "damage": 0,
  "lore": [
    "§a§lUNCOMMON"
  ],
  "internalname": "AGATHA_COUPON",
  "clickcommand": "",
  "crafttext": "",
  "modver": "Firmament 3.1.0+mc1.21.5",
  "infoType": "WIKI_URL",
  "info": [
    "https://hypixel-skyblock.fandom.com/wiki/Agatha%27s_Coupon",
    "https://wiki.hypixel.net/Agatha%27s_Coupon"
  ]
}