{
  "itemid": "minecraft:enchanted_book",
  "displayname": "§aEnchanted Book",
  "nbttag": "{ExtraAttributes:{enchantments:{aiming:5},id:\"AIMING;5\"},HideFlags:254,display:{Lore:[0:\"§9Dragon Tracer V\",1:\"§7Arrows home towards dragons if\",2:\"§7they are within §a10 §7blocks.\",3:\"\",4:\"§7Use this on an item in an Anvil\",5:\"§7to apply it!\",6:\"\",7:\"§6Source:\",8:\"§aI-V: §7Enchantment Table,\",9:\"§7Feather Collection\",10:\"\",11:\"§6Applied To:\",12:\"§7- §fBow\",13:\"\",14:\"§a§lUNCOMMON\"],Name:\"§aEnchanted Book\"},ench:[]}",
  "damage": 0,
  "lore": [
    "§9Dragon Tracer V",
    "§7Arrows home towards dragons if",
    "§7they are within §a10 §7blocks.",
    "",
    "§7Use this on an item in an Anvil",
    "§7to apply it!",
    "",
    "§6Source:",
    "§aI-V: §7Enchantment Table,",
    "§7Feather Collection",
    "",
    "§6Applied To:",
    "§7- §fBow",
    "",
    "§a§lUNCOMMON"
  ],
  "internalname": "AIMING;5",
  "parent": "AIMING;4",
  "modver": "2.1.0-REL",
  "crafttext": "",
  "clickcommand": "",
  "infoType": ""
}