{
  "itemid": "minecraft:enchanted_book",
  "displayname": "§fEnchanted Book",
  "nbttag": "{ExtraAttributes:{enchantments:{aiming:1},id:\"AIMING;1\"},HideFlags:254,display:{Lore:[0:\"§9Dragon Tracer I\",1:\"§7Arrows home towards dragons if\",2:\"§7they are within §a2 §7blocks.\",3:\"\",4:\"§7Use this on an item in an Anvil\",5:\"§7to apply it!\",6:\"\",7:\"§6Source:\",8:\"§aI-V: §7Enchantment Table,\",9:\"§7Feather Collection\",10:\"\",11:\"§6Applied To:\",12:\"§7- §fBow\",13:\"\",14:\"§f§lCOMMON\"],Name:\"§fEnchanted Book\"},ench:[]}",
  "damage": 0,
  "lore": [
    "§9Dragon Tracer I",
    "§7Arrows home towards dragons if",
    "§7they are within §a2 §7blocks.",
    "",
    "§7Use this on an item in an Anvil",
    "§7to apply it!",
    "",
    "§6Source:",
    "§aI-V: §7Enchantment Table,",
    "§7Feather Collection",
    "",
    "§6Applied To:",
    "§7- §fBow",
    "",
    "§f§lCOMMON"
  ],
  "internalname": "AIMING;1",
  "parent": "AIMING;4",
  "clickcommand": "",
  "modver": "2.1.0-REL",
  "crafttext": "",
  "infoType": ""
}