{
  "itemid": "minecraft:diamond",
  "displayname": "§fAll Skills Exp Super-Boost",
  "nbttag": "{ExtraAttributes:{id:\"ALL_SKILLS_SUPER_BOOST\"},HideFlags:254,ItemModel:\"minecraft:diamond\",display:{Lore:[0:\"§8Consumed on use\",1:\"\",2:\"§aPet Items §7can boost pets in many powerful ways!\",3:\"§7A pet can only hold one §aPet Item §7at a time.\",4:\"§7The pet must be §evisible §7to apply the item!\",5:\"\",6:\"§7Gives §a+20% §7pet exp for all skills.\",7:\"\",8:\"§eRight-click on your summoned pet to\",9:\"§egive it this item!\",10:\"\",11:\"§f§lCOMMON PET ITEM\"],Name:\"§fAll Skills Exp Super-Boost\"},ench:[]}",
  "damage": 0,
  "lore": [
    "§8Consumed on use",
    "",
    "§aPet Items §7can boost pets in many powerful ways!",
    "§7A pet can only hold one §aPet Item §7at a time.",
    "§7The pet must be §evisible §7to apply the item!",
    "",
    "§7Gives §a+20% §7pet exp for all skills.",
    "",
    "§eRight-click on your summoned pet to",
    "§egive it this item!",
    "",
    "§f§lCOMMON PET ITEM"
  ],
  "internalname": "ALL_SKILLS_SUPER_BOOST",
  "clickcommand": "viewrecipe",
  "crafttext": "",
  "modver": "Firmament 3.2.0-dev+mc1.21.5+g0b9d5bd",
  "infoType": "WIKI_URL",
  "info": [
    "https://hypixel-skyblock.fandom.com/wiki/All_Skills_Exp_Super-Boost",
    "https://wiki.hypixel.net/All_Skills_Exp_Super-Boost"
  ],
  "recipe": {
    "A1": "",
    "A2": "ENCHANTED_GOLD_BLOCK:6",
    "A3": "",
    "B1": "ENCHANTED_GOLD_BLOCK:6",
    "B2": "PET_ITEM_ALL_SKILLS_BOOST_COMMON:1",
    "B3": "ENCHANTED_GOLD_BLOCK:6",
    "C1": "",
    "C2": "ZOG_ANVIL:1",
    "C3": ""
  }
}