{
  "itemid": "minecraft:flint",
  "displayname": "§9Ancient Claw",
  "nbttag": "{ExtraAttributes:{id:\"ANCIENT_CLAW\"},HideFlags:254,ItemModel:\"minecraft:flint\",display:{Lore:[0:\"§7Drops rarely off of monsters from\",1:\"§7Diana's Mythological Ritual.\",2:\"\",3:\"§eRight-click to view recipes!\",4:\"\",5:\"§9§lRARE\"],Name:\"§9Ancient Claw\"}}",
  "damage": 0,
  "lore": [
    "§7Drops rarely off of monsters from",
    "§7Diana's Mythological Ritual.",
    "",
    "§eRight-click to view recipes!",
    "",
    "§9§lRARE"
  ],
  "internalname": "ANCIENT_CLAW",
  "clickcommand": "",
  "crafttext": "",
  "modver": "Firmament 3.2.0-dev+mc1.21.5+gb028db5",
  "infoType": "WIKI_URL",
  "info": [
    "https://hypixel-skyblock.fandom.com/wiki/Ancient_Claw",
    "https://wiki.hypixel.net/Ancient_Claw"
  ]
}