{
  "itemid": "minecraft:enchanted_book",
  "displayname": "§fEnchanted Book",
  "nbttag": "{ExtraAttributes:{enchantments:{arcane:4},id:\"ARCANE;4\"},HideFlags:254,ItemModel:\"minecraft:enchanted_book\",display:{Lore:[0:\"§9Arcane IV\",1:\"§7Grants §c+20% ❁ Damage §7to creatures\",2:\"§7on §2Galatea§7.\",3:\"\",4:\"§7Applicable on: §9Axe\",5:\"§7Apply Cost: §340 Exp Levels\",6:\"\",7:\"§7Use this on an item in an Anvil to\",8:\"§7apply it!\",9:\"\",10:\"§f§lCOMMON\"],Name:\"§fEnchanted Book\"},ench:[]}",
  "damage": 0,
  "lore": [
    "§9Arcane IV",
    "§7Grants §c+20% ❁ Damage §7to creatures",
    "§7on §2Galatea§7.",
    "",
    "§7Applicable on: §9Axe",
    "§7Apply Cost: §340 Exp Levels",
    "",
    "§7Use this on an item in an Anvil to",
    "§7apply it!",
    "",
    "§f§lCOMMON"
  ],
  "internalname": "ARCANE;4",
  "clickcommand": "",
  "crafttext": "",
  "modver": "Firmament 3.1.0-dev+mc1.21.5+g4402b1f",
  "infoType": "",
  "info": []
}