{
  "itemid": "minecraft:arrow",
  "displayname": "§fFlint Arrow",
  "nbttag": "{ExtraAttributes:{id:\"ARROW\"},HideFlags:254,ItemModel:\"minecraft:arrow\",display:{Lore:[0:\"§7Damage: §c+1\",1:\"\",2:\"§8Stats added when shot!\",3:\"§f§lCOMMON ARROW\"],Name:\"§fFlint Arrow\"}}",
  "damage": 0,
  "lore": [
    "§7Damage: §c+1",
    "",
    "§8Stats added when shot!",
    "§f§lCOMMON ARROW"
  ],
  "internalname": "ARROW",
  "clickcommand": "viewrecipe",
  "crafttext": "",
  "modver": "Firmament 3.2.0-dev+mc1.21.5+g9791477",
  "infoType": "WIKI_URL",
  "info": [
    "https://hypixel-skyblock.fandom.com/wiki/Arrows",
    "https://wiki.hypixel.net/Flint_Arrow"
  ],
  "recipe": {
    "A1": "FLINT:1",
    "A2": "",
    "A3": "",
    "B1": "STICK:1",
    "B2": "",
    "B3": "",
    "C1": "FEATHER:1",
    "C2": "",
    "C3": ""
  },
  "vanilla": true
}