{
  "itemid": "minecraft:bow",
  "displayname": "§9Artisanal Shortbow",
  "nbttag": "{ExtraAttributes:{id:\"ARTISANAL_SHORTBOW\"},HideFlags:254,ItemModel:\"minecraft:bow\",Unbreakable:1B,display:{Lore:[0:\"§7Damage: §c+40\",1:\"§7Shot Cooldown: §a0.5s\",2:\"\",3:\"§9Shortbow: Instantly shoots!\",4:\"\",5:\"§8This item can be reforged!\",6:\"§9§lRARE BOW\"],Name:\"§9Artisanal Shortbow\"}}",
  "damage": 0,
  "lore": [
    "§7Damage: §c+40",
    "§7Shot Cooldown: §a0.5s",
    "",
    "§9Shortbow: Instantly shoots!",
    "",
    "§8This item can be reforged!",
    "§9§lRARE BOW"
  ],
  "internalname": "ARTISANAL_SHORTBOW",
  "clickcommand": "",
  "crafttext": "",
  "modver": "Firmament 3.2.0-dev+mc1.21.5+g9791477",
  "infoType": "WIKI_URL",
  "info": [
    "https://hypixel-skyblock.fandom.com/wiki/Artisanal_Shortbow",
    "https://wiki.hypixel.net/Artisanal_Shortbow"
  ]
}