{
  "itemid": "minecraft:wooden_sword",
  "displayname": "§aAspect of the Jerry, Signature Edition",
  "nbttag": "{ExtraAttributes:{enchantments:{sharpness:10},id:\"ASPECT_OF_THE_JERRY_SIGNATURE\"},HideFlags:254,ItemModel:\"minecraft:wooden_sword\",Unbreakable:1B,display:{Lore:[0:\"§7Damage: §c+2\",1:\"\",2:\"§9Sharpness X\",3:\"§7Increases melee damage dealt by\",4:\"§a65%§7.\",5:\"\",6:\"§6Ability: Parley  §e§lRIGHT CLICK\",7:\"§7Channel your inner Jerry.\",8:\"§8Cooldown: §a5s\",9:\"\",10:\"§8This item can be reforged!\",11:\"§a§lUNCOMMON SWORD\"],Name:\"§aAspect of the Jerry, Signature Edition\"},ench:[]}",
  "damage": 0,
  "lore": [
    "§7Damage: §c+2",
    "",
    "§9Sharpness X",
    "§7Increases melee damage dealt by",
    "§a65%§7.",
    "",
    "§6Ability: Parley  §e§lRIGHT CLICK",
    "§7Channel your inner Jerry.",
    "§8Cooldown: §a5s",
    "",
    "§8This item can be reforged!",
    "§a§lUNCOMMON SWORD"
  ],
  "internalname": "ASPECT_OF_THE_JERRY_SIGNATURE",
  "clickcommand": "",
  "crafttext": "",
  "modver": "Firmament 3.2.0-dev+mc1.21.5+gb028db5",
  "infoType": "WIKI_URL",
  "info": [
    "https://hypixel-skyblock.fandom.com/wiki/Aspect_of_the_Jerry,_Signature_Edition",
    "https://wiki.hypixel.net/Aspect_Of_The_Jerry,_Signature_Edition"
  ]
}