{
  "bingo_tips": {
    "Lucky Looter (Community Goal)": {
      "difficulty": "Medium",
      "note": [
        "Collect rare drops"
      ],
      "guide": [
        "Carrots and potatoes from killing",
        "Zombies in graveyard do count."
      ]
    },
    "Skilled (Community Goal)": {
      "difficulty": "Easy",
      "note": [
        "Gain Mining experience"
      ],
      "guide": [
        "For this you just need to mine blocks,",
        "complete Mining Commissions and collect",
        "occasional Commission Milestones."
      ]
    },
    "Pet (Community Goal)": {
      "difficulty": "Easy",
      "note": [
        "Gain Pet XP"
      ],
      "guide": [
        "To gain passively progress in this",
        "you should have a pet equipped at all times.",
        "Don't forget to use pet items that boost",
        "their XP-gain. Things like Milestone Rewards",
        "(Commission, Garden, Bestiary Milestones)",
        "and Pet Candies will be a good help here."
      ]
    },
    "Revenant Horror (Community Goal)": {
      "difficulty": "Easy",
      "note": [
        "Kill t2 Revenant Horror Bosses"
      ],
      "guide": [
        "Ideally you'd want Ender Set",
        "with a Void Sword for this."
      ]
    },
    "Scarf Offensive (Community Goal)": {
      "difficulty": "Medium",
      "note": [
        "Complete F2 Dungeon Runs"
      ],
      "guide": [
        "This needs Combat 15 and a completion",
        "of the 2 previous floors to enter.",
        "To efficiently grind this, you should",
        "get help from Party Finder/Friends."
      ]
    },
    "Strange Effects": {
      "difficulty": "Easy",
      "note": [
        "Kill a Runic Mob"
      ],
      "guide": [
        "Look for mobs with a purple name",
        "and kill it."
      ]
    },
    "Meiser": {
      "difficulty": "Easy",
      "note": [
        "50k coins in the bank"
      ],
      "guide": [
        "You will get this from leveling up",
        "skills for the Skill Average goal.",
        "Remember to actually put the money",
        "you get in the Bank :)"
      ]
    },
    "Reinforced Reforger": {
      "difficulty": "Easy",
      "note": [
        "Apply the Rare Diamond Reforge Stone"
      ],
      "guide": [
        "Mine Diamonds in the Deep Caverns until",
        "you get a Rare Diamond to apply.",
        "A safe spot to do this is between the Diamond Reserve",
        "and the Obsidian Sanctuary (-20 27 70).",
        "Mobs don't spawn there."
      ]
    },
    "Ender Pearl Collector": {
      "difficulty": "Hard",
      "note": [
        "45k Ender Pearl Collection"
      ],
      "guide": [
        "Kill Endermen in The End/your Private Island",
        "to unlock Enderman Minions. Craft as many",
        "as you can and place them on your island.",
        "Give them the best fuel and storage",
        "that you have access to and collect in time."
      ]
    },
    "Eagle-Eyed": {
      "difficulty": "Easy",
      "note": [
        "Complete a timed Target Practice"
      ],
      "guide": [
        "Talk to Jax in the Hub",
        "under the Weaponsmith",
        "and complete on of his challenges.",
        "You should buy an Artisanal Shortbow",
        "for this."
      ]
    },
    "Pet Grinder": {
      "difficulty": "Easy",
      "note": [
        "Level any Pet to Lvl 100"
      ],
      "guide": [
        "The easiest pet to go for is the Bingo Pet (5.6m xp)",
        "Make sure you have your pet active and remember",
        "to put a skill xp boost pet item on it.",
        "You can buy those from Zog in the Hub",
        "Daily Experimentation Table, Mining Commissions",
        "and Milestones aswell as Garden (Crop) Milestones",
        "are strong xp sources."
      ]
    },
    "Collecting Data": {
      "difficulty": "Easy",
      "note": [
        "Bestiary Milestone 5"
      ],
      "guide": [
        "You will most likely get this passively.",
        "Use /be ingame to view your progress.",
        "Don't forget to talk to Bramass Beastslayer",
        "in the Spiders Den to unlock /be."
      ]
    },
    "Oak Wood Collector": {
      "difficulty": "Hard",
      "note": [
        "100k Oak Wood collection"
      ],
      "guide": [
        "Optimal tool:",
        "  Golden Axe with Efficiency 5",
        "Reforges: Double-Bit or Lush",
        "Get Haste 3 from a splash to instamine wood",
        "Forage in the Hub for this.",
        "Place as many minions as you can",
        "give them a medium storage and the best fuel",
        "you can. Collect them in time."
      ]
    },
    "Stonks": {
      "difficulty": "Easy",
      "note": [
        "Buy a Stonk"
      ],
      "guide": [
        "For this you will need Combat 12 and 600k.",
        "Buy it from the Shop on the right hand",
        "of the End Island Spawn."
      ]
    },
    "Bedazzled": {
      "difficulty": "Medium",
      "note": [
        "12 unique Accessories"
      ],
      "guide": [
        "List of more than 12 talismans:",
        "  Buy all 6 Talismans from the Adventurer in The Hub (26k)",
        "Collection Talismans:",
        "  Farming Talisman, Vaccine Talisman,",
        "  Gravity Talisman, Talisman of Coins, Magnetic Talisman,",
        "  Wood Affinity Talisman, Speed Talisman, Potion Affinity Talisman",
        "Others:",
        "  Archaeologists Compass, Mediocre Ring of Love, King Talisman,",
        "  Campfire Initiate Badge, Cat Talisman, Spider Talisman,",
        "Don't forget to take the 4 Bonus accessory bag slots from",
        "the Redstone Miner, he needs 1920 Redstone in total."
      ]
    },
    "Exterminator": {
      "difficulty": "Hard",
      "note": [
        "Kill 10k mobs"
      ],
      "guide": [
        "Kill farm animals in the Barn with a Cleaver",
        "with Cleave 5 and Sharpness 5",
        "or spiders in Arachne's Burrow",
        "in the Spider's Den with a Dreadlord Sword.",
        "You can also kill Endermen in The End to",
        "get progress towards the",
        "Lucky Looter Community Goal."
      ]
    },
    "Trouble is Brewing...": {
      "difficulty": "Medium",
      "note": [
        "Brew any t4 potion"
      ],
      "guide": [
        "Brew a potion with an Enchanted Sugar Cane/",
        "Enchanted Gold (Block)/Enchanted Sugar (Cane)",
        "and add Glowstone to it. You can get that Glowstone",
        "by buying one block from the Builder and",
        "breaking it on your island."
      ]
    },
    "Pet Hoarder": {
      "difficulty": "Medium",
      "note": [
        "12 unique pets"
      ],
      "guide": [
        "§fNo eggs:",
        "Dolphin, Bee, Grandma Wolf, Bingo, Rock, Owl,",
        "Enderman, Tarantula and Oringo pets",
        "§fEggs needed:",
        "Jerry, Rabbit, Pig, Chicken, Bat, Silverfish",
        "To get the Enchanted Eggs needed, kill Chickens",
        "in The Barn till you get the Chicken Head recipe.",
        "Once you get your first Enchanted Egg, put it into",
        "one Chicken Minion to generate more of those over time."
      ]
    },
    "Lynx": {
      "difficulty": "Medium",
      "note": [
        "Obtain a Lynx Talisman"
      ],
      "guide": [
        "Talk to Guildford in the Dungeon Hub",
        "and complete 4/4 objectives for 2 races.",
        "Don't forget to talk to Guildford",
        "after each run you do."
      ]
    },
    "Skill Average": {
      "difficulty": "Medium",
      "note": [
        "Skill Average of 10"
      ],
      "guide": [
        "To help with this, try to make bigger crafts",
        "by hand for Carpentry levels.",
        "Use the Enchanted Sugar that you may get from",
        "pests/the Garden to brew Speed Potions.",
        "Also do your daily experiments and make sure",
        "to have a pet active at all times",
        "(any pet works, even level 100)."
      ]
    },
    "Healthy": {
      "difficulty": "Medium",
      "note": [
        "1250 Health"
      ],
      "guide": [
        "Wear armor enchanted with Growth 5 ",
        "(Enchanting Level 5), preferably Ender Armor",
        "while you're in The End or Mushroom Armor",
        "during the night.",
        "Applying Growth 5 costs 50 Levels each.",
        "If you still struggle, reforge your",
        "armor to Titanic."
      ]
    },
    "New Savings": {
      "difficulty": "Medium",
      "note": [
        "Craft a Piggy Bank"
      ],
      "guide": [
        "This unlocks at 2.5k Raw Porkchop Collection",
        "and requires 40 Enchanted Pork to make.",
        "You can use Minions for this and/or pair",
        "it with the Exterminator Grind if you do",
        "that in Barn."
      ]
    },
    "Warrior": {
      "difficulty": "Medium",
      "note": [
        "Reach Combat 18"
      ],
      "guide": [
        "You should either kill Endermen in",
        "End using your Void Sword (200k) and",
        "Ender Armor for this (buy the Ender Training",
        "Perk from Tyzzo next to the Draconic Altar)",
        "or Spiders in the Spiders Den with a Cleave 5",
        "weapon. You might want to also use the free",
        "Combat XP from Bestiary Miletones for this."
      ]
    },
    "Fashionable": {
      "difficulty": "Medium",
      "note": [
        "7 Armor Sets"
      ],
      "guide": [
        "Craft Leather, Iron, Gold and Diamond Armor",
        "Collect Ender Armor from The End (8 pieces)",
        "Craft Leaflet, Farm Suit, Mushroom and Cactus Armor."
      ]
    },
    "Bone Collector": {
      "difficulty": "Hard",
      "note": [
        "47.5k Bone Collection"
      ],
      "guide": [
        "Kill Skeletons in The Deep Caverns",
        "to unlock Skeleton Minions. Craft as many",
        "as you can and place them on your island.",
        "Give them the best fuel and storage",
        "that you have access to and collect in time.",
        "Don't forget to buy your daily bones from",
        "The Adventurer in The Hub."
      ]
    },
    "Slayer": {
      "difficulty": "Easy",
      "note": [
        "Reach Slayer Level 2"
      ],
      "guide": [
        "Recommended for this is Zombie Slayer.",
        "This needs 15 xp, so 3 t1 bosses.",
        "Don't forget to claim the rewards",
        "from Maddox."
      ]
    }
  }
}
