{
  "0": {
    "Position": "-265.0:80.0:-18.0",
    "Name": "Spawn",
    "Tags": [
      "teleport"
    ],
    "Neighbours": {
      "271": 3.0,
      "1": 6.16
    }
  },
  "1": {
    "Position": "-271.0:81.0:-19.0",
    "Neighbours": {
      "0": 6.16,
      "270": 8.12,
      "9": 12.65,
      "2": 13.49
    }
  },
  "2": {
    "Position": "-280.0:82.0:-9.0",
    "Neighbours": {
      "242": 5.0,
      "1": 13.49
    }
  },
  "3": {
    "Position": "-289.0:82.0:-0.9999999999999998",
    "Neighbours": {
      "242": 7.21,
      "243": 8.06,
      "279": 13.04
    }
  },
  "4": {
    "Position": "-304.0:82.0:-3.0",
    "Neighbours": {
      "274": 4.12,
      "243": 7.62,
      "11": 9.9,
      "5": 11.4
    }
  },
  "5": {
    "Position": "-313.0:82.0:-10.0",
    "Name": "Birch Wood",
    "Tags": [
      "area"
    ],
    "Neighbours": {
      "6": 10.44,
      "4": 11.4,
      "11": 13.19,
      "19": 34.57
    }
  },
  "6": {
    "Position": "-310.0:82.0:-20.0",
    "Neighbours": {
      "5": 10.44,
      "7": 13.04
    }
  },
  "7": {
    "Position": "-303.0:82.0:-31.0",
    "Neighbours": {
      "8": 11.22,
      "6": 13.04,
      "10": 14.25
    }
  },
  "8": {
    "Position": "-292.0:81.0:-33.0",
    "Neighbours": {
      "12": 10.1,
      "7": 11.22,
      "9": 13.45
    }
  },
  "9": {
    "Position": "-283.0:81.0:-23.0",
    "Neighbours": {
      "10": 11.4,
      "1": 12.65,
      "8": 13.45
    }
  },
  "10": {
    "Position": "-294.0:81.0:-20.0",
    "Neighbours": {
      "11": 10.0,
      "9": 11.4,
      "7": 14.25
    }
  },
  "11": {
    "Position": "-300.0:81.0:-12.0",
    "Neighbours": {
      "4": 9.9,
      "10": 10.0,
      "5": 13.19
    }
  },
  "12": {
    "Position": "-291.0:80.0:-43.0",
    "Neighbours": {
      "8": 10.1,
      "13": 12.73
    }
  },
  "13": {
    "Position": "-294.0:77.0:-55.0",
    "Neighbours": {
      "282": 10.05,
      "14": 10.1,
      "12": 12.73
    }
  },
  "14": {
    "Position": "-295.0:76.0:-65.0",
    "Neighbours": {
      "15": 9.43,
      "13": 10.1
    }
  },
  "15": {
    "Position": "-300.0:76.0:-73.0",
    "Neighbours": {
      "254": 5.39,
      "14": 9.43,
      "16": 13.0
    }
  },
  "16": {
    "Position": "-313.0:76.0:-73.0",
    "Neighbours": {
      "283": 7.68,
      "254": 8.25,
      "17": 11.75,
      "15": 13.0
    }
  },
  "17": {
    "Position": "-317.0:75.0:-62.0",
    "Neighbours": {
      "18": 11.22,
      "16": 11.75
    }
  },
  "18": {
    "Position": "-315.0:76.0:-51.0",
    "Name": "egg",
    "Tags": [
      "hoppity"
    ],
    "Neighbours": {
      "238": 5.48,
      "17": 11.22
    }
  },
  "19": {
    "Position": "-346.0:91.0:-5.0",
    "Name": "Spruce Woods",
    "Tags": [
      "area"
    ],
    "Neighbours": {
      "22": 8.66,
      "20": 11.66,
      "5": 34.57
    }
  },
  "20": {
    "Position": "-356.0:91.0:-11.0",
    "Neighbours": {
      "235": 8.06,
      "21": 9.22,
      "41": 9.49,
      "19": 11.66
    }
  },
  "21": {
    "Position": "-363.0:91.0:-17.0",
    "Name": "Spruce Woods",
    "Tags": [
      "area"
    ],
    "Neighbours": {
      "20": 9.22,
      "41": 9.22,
      "46": 24.45
    }
  },
  "22": {
    "Position": "-351.0:90.0:2.0",
    "Neighbours": {
      "235": 6.16,
      "19": 8.66,
      "23": 12.08
    }
  },
  "23": {
    "Position": "-346.0:90.0:13.0",
    "Neighbours": {
      "22": 12.08,
      "42": 14.25,
      "24": 17.03
    }
  },
  "24": {
    "Position": "-338.0:89.0:28.0",
    "Neighbours": {
      "25": 13.64,
      "23": 17.03
    }
  },
  "25": {
    "Position": "-342.0:90.0:41.0",
    "Neighbours": {
      "236": 7.21,
      "36": 12.04,
      "24": 13.64
    }
  },
  "26": {
    "Position": "-336.0:90.0:53.0",
    "Name": "Viking Longhouse",
    "Tags": [
      "small_area"
    ],
    "Neighbours": {
      "27": 5.92,
      "236": 6.32,
      "29": 6.71,
      "35": 7.87
    }
  },
  "27": {
    "Position": "-337.0:93.0:58.0",
    "Neighbours": {
      "29": 4.24,
      "26": 5.92,
      "35": 6.4,
      "28": 14.04
    }
  },
  "28": {
    "Position": "-336.0:93.0:72.0",
    "Name": "Melancholic Viking",
    "Tags": [
      "npc"
    ],
    "Neighbours": {
      "27": 14.04
    }
  },
  "29": {
    "Position": "-341.0:92.0:57.0",
    "Neighbours": {
      "27": 4.24,
      "286": 4.47,
      "26": 6.71
    }
  },
  "30": {
    "Position": "-343.0:91.0:67.0",
    "Neighbours": {
      "286": 6.08,
      "31": 10.44
    }
  },
  "31": {
    "Position": "-340.0:91.0:77.0",
    "Neighbours": {
      "257": 4.12,
      "30": 10.44
    }
  },
  "32": {
    "Position": "-333.0:91.0:78.0",
    "Neighbours": {
      "257": 3.0,
      "33": 3.61
    }
  },
  "33": {
    "Position": "-330.0:91.0:76.0",
    "Neighbours": {
      "32": 3.61,
      "34": 7.28
    }
  },
  "34": {
    "Position": "-328.0:91.0:69.0",
    "Neighbours": {
      "33": 7.28,
      "35": 10.44
    }
  },
  "35": {
    "Position": "-331.0:91.0:59.0",
    "Neighbours": {
      "27": 6.4,
      "26": 7.87,
      "34": 10.44
    }
  },
  "36": {
    "Position": "-354.0:90.0:42.0",
    "Neighbours": {
      "237": 7.28,
      "37": 8.06,
      "161": 9.06,
      "25": 12.04
    }
  },
  "37": {
    "Position": "-361.0:90.0:38.0",
    "Neighbours": {
      "237": 3.74,
      "161": 5.39,
      "45": 6.71,
      "36": 8.06
    }
  },
  "38": {
    "Position": "-369.0:91.0:24.0",
    "Neighbours": {
      "45": 9.49,
      "39": 13.19
    }
  },
  "39": {
    "Position": "-371.0:90.0:11.0",
    "Neighbours": {
      "40": 8.06,
      "38": 13.19
    }
  },
  "40": {
    "Position": "-371.0:91.0:3.0",
    "Neighbours": {
      "39": 8.06,
      "41": 12.53
    }
  },
  "41": {
    "Position": "-365.0:91.0:-8.0",
    "Neighbours": {
      "21": 9.22,
      "20": 9.49,
      "40": 12.53
    }
  },
  "42": {
    "Position": "-349.0:95.0:26.0",
    "Neighbours": {
      "43": 6.32,
      "23": 14.25
    }
  },
  "43": {
    "Position": "-351.0:95.0:32.0",
    "Name": "Kelly",
    "Tags": [
      "npc"
    ],
    "Neighbours": {
      "42": 6.32,
      "44": 8.6
    }
  },
  "44": {
    "Position": "-359.0:94.0:29.0",
    "Neighbours": {
      "45": 7.07,
      "237": 7.68,
      "43": 8.6
    }
  },
  "45": {
    "Position": "-364.0:90.0:32.0",
    "Neighbours": {
      "37": 6.71,
      "38": 9.49
    }
  },
  "46": {
    "Position": "-378.0:98.0:-35.0",
    "Name": "Dark Thicket",
    "Tags": [
      "area"
    ],
    "Neighbours": {
      "47": 10.86,
      "21": 24.45
    }
  },
  "47": {
    "Position": "-384.0:99.0:-44.0",
    "Neighbours": {
      "132": 9.27,
      "48": 10.2,
      "46": 10.86
    }
  },
  "48": {
    "Position": "-394.0:99.0:-42.0",
    "Neighbours": {
      "49": 8.49,
      "47": 10.2
    }
  },
  "49": {
    "Position": "-400.0:99.0:-36.0",
    "Name": "Dark Thicket",
    "Tags": [
      "area"
    ],
    "Neighbours": {
      "48": 8.49,
      "50": 28.46
    }
  },
  "50": {
    "Position": "-417.0:110.0:-16.0",
    "Name": "Savanna Woodland",
    "Tags": [
      "area"
    ],
    "Neighbours": {
      "51": 7.14,
      "105": 11.4,
      "49": 28.46
    }
  },
  "51": {
    "Position": "-424.0:111.0:-15.0",
    "Name": "Worker Xavier",
    "Tags": [
      "npc"
    ],
    "Neighbours": {
      "50": 7.14,
      "105": 8.06,
      "52": 10.77
    }
  },
  "52": {
    "Position": "-434.0:111.0:-11.0",
    "Neighbours": {
      "53": 7.87,
      "131": 10.0,
      "51": 10.77
    }
  },
  "53": {
    "Position": "-439.0:112.0:-17.0",
    "Name": "Savanna Woodland",
    "Tags": [
      "area"
    ],
    "Neighbours": {
      "52": 7.87,
      "54": 29.07
    }
  },
  "54": {
    "Position": "-463.0:122.0:-30.0",
    "Name": "Jungle Island",
    "Tags": [
      "area"
    ],
    "Neighbours": {
      "55": 9.95,
      "53": 29.07
    }
  },
  "55": {
    "Position": "-470.0:121.0:-37.0",
    "Neighbours": {
      "263": 5.0,
      "180": 6.32,
      "262": 6.4,
      "54": 9.95
    }
  },
  "56": {
    "Position": "-468.0:120.0:-48.0",
    "Neighbours": {
      "180": 5.1,
      "71": 11.18,
      "57": 12.21
    }
  },
  "57": {
    "Position": "-461.0:120.0:-58.0",
    "Neighbours": {
      "71": 9.06,
      "56": 12.21,
      "58": 13.64
    }
  },
  "58": {
    "Position": "-450.0:121.0:-66.0",
    "Neighbours": {
      "78": 8.12,
      "59": 11.36,
      "57": 13.64
    }
  },
  "59": {
    "Position": "-442.0:122.0:-74.0",
    "Neighbours": {
      "58": 11.36,
      "60": 13.19
    }
  },
  "60": {
    "Position": "-440.0:123.0:-87.0",
    "Neighbours": {
      "244": 12.21,
      "59": 13.19,
      "61": 13.45,
      "62": 14.46
    }
  },
  "61": {
    "Position": "-449.0:123.0:-97.0",
    "Neighbours": {
      "66": 11.05,
      "62": 12.08,
      "60": 13.45
    }
  },
  "62": {
    "Position": "-438.0:126.0:-101.0",
    "Neighbours": {
      "244": 7.07,
      "61": 12.08,
      "63": 13.75,
      "60": 14.46
    }
  },
  "63": {
    "Position": "-427.0:128.0:-109.0",
    "Neighbours": {
      "65": 10.49,
      "62": 13.75,
      "64": 15.91
    }
  },
  "64": {
    "Position": "-417.0:131.0:-121.0",
    "Name": "Romeo \u0026 Juliette",
    "Tags": [
      "npc"
    ],
    "Neighbours": {
      "65": 9.22,
      "63": 15.91
    }
  },
  "65": {
    "Position": "-417.0:129.0:-112.0",
    "Name": "egg",
    "Tags": [
      "hoppity"
    ],
    "Neighbours": {
      "300": 6.78,
      "64": 9.22,
      "63": 10.49
    }
  },
  "66": {
    "Position": "-460.0:124.0:-97.0",
    "Neighbours": {
      "80": 5.0,
      "303": 8.94,
      "61": 11.05,
      "67": 12.85
    }
  },
  "67": {
    "Position": "-467.0:128.0:-87.0",
    "Neighbours": {
      "68": 10.2,
      "66": 12.85
    }
  },
  "68": {
    "Position": "-477.0:128.0:-85.0",
    "Neighbours": {
      "69": 6.71,
      "67": 10.2
    }
  },
  "69": {
    "Position": "-482.0:126.0:-81.0",
    "Neighbours": {
      "68": 6.71,
      "70": 13.27
    }
  },
  "70": {
    "Position": "-478.0:122.0:-69.0",
    "Neighbours": {
      "72": 10.2,
      "71": 12.96,
      "69": 13.27
    }
  },
  "71": {
    "Position": "-470.0:120.0:-59.0",
    "Neighbours": {
      "72": 8.0,
      "57": 9.06,
      "56": 11.18,
      "70": 12.96
    }
  },
  "72": {
    "Position": "-478.0:120.0:-59.0",
    "Neighbours": {
      "71": 8.0,
      "70": 10.2,
      "73": 10.2
    }
  },
  "73": {
    "Position": "-480.0:120.0:-49.0",
    "Neighbours": {
      "74": 6.4,
      "72": 10.2
    }
  },
  "74": {
    "Position": "-478.0:119.0:-43.0",
    "Neighbours": {
      "259": 5.2,
      "263": 5.74,
      "73": 6.4
    }
  },
  "75": {
    "Position": "-487.0:117.0:-42.0",
    "Neighbours": {
      "259": 4.12,
      "260": 4.58
    }
  },
  "76": {
    "Position": "-463.0:120.0:-81.0",
    "Name": "Jungle Island",
    "Tags": [
      "area"
    ],
    "Neighbours": {
      "269": 3.16,
      "77": 6.48,
      "81": 7.35
    }
  },
  "77": {
    "Position": "-458.0:121.0:-77.0",
    "Neighbours": {
      "267": 5.1,
      "76": 6.48,
      "78": 7.68
    }
  },
  "78": {
    "Position": "-451.0:122.0:-74.0",
    "Neighbours": {
      "77": 7.68,
      "58": 8.12,
      "79": 10.1
    }
  },
  "79": {
    "Position": "-452.0:123.0:-84.0",
    "Neighbours": {
      "267": 4.36,
      "78": 10.1,
      "80": 10.34
    }
  },
  "80": {
    "Position": "-457.0:124.0:-93.0",
    "Neighbours": {
      "66": 5.0,
      "79": 10.34
    }
  },
  "81": {
    "Position": "-470.0:119.0:-83.0",
    "Name": "Spirit Cave",
    "Tags": [
      "small_area"
    ],
    "Neighbours": {
      "76": 7.35,
      "82": 12.08
    }
  },
  "82": {
    "Position": "-467.0:115.0:-94.0",
    "Neighbours": {
      "81": 12.08,
      "83": 12.08
    }
  },
  "83": {
    "Position": "-456.0:110.0:-94.0",
    "Neighbours": {
      "84": 5.74,
      "82": 12.08
    }
  },
  "84": {
    "Position": "-452.0:109.0:-90.0",
    "Neighbours": {
      "83": 5.74,
      "228": 6.71,
      "104": 13.64
    }
  },
  "85": {
    "Position": "-462.0:106.0:-87.0",
    "Neighbours": {
      "228": 5.2,
      "229": 5.39,
      "86": 7.81
    }
  },
  "86": {
    "Position": "-468.0:103.0:-83.0",
    "Neighbours": {
      "85": 7.81,
      "87": 9.54
    }
  },
  "87": {
    "Position": "-469.0:100.0:-74.0",
    "Neighbours": {
      "232": 5.1,
      "230": 6.4,
      "93": 8.66,
      "86": 9.54
    }
  },
  "88": {
    "Position": "-471.0:103.0:-65.0",
    "Neighbours": {
      "232": 5.48,
      "224": 7.0
    }
  },
  "89": {
    "Position": "-466.0:106.0:-54.0",
    "Neighbours": {
      "226": 3.16,
      "224": 5.48,
      "90": 13.08
    }
  },
  "90": {
    "Position": "-473.0:105.0:-43.0",
    "Neighbours": {
      "91": 7.87,
      "220": 10.05,
      "89": 13.08
    }
  },
  "91": {
    "Position": "-479.0:106.0:-48.0",
    "Neighbours": {
      "223": 6.08,
      "90": 7.87
    }
  },
  "92": {
    "Position": "-479.0:107.0:-59.0",
    "Name": "Fairy Soul",
    "Tags": [
      "fairy_soul"
    ],
    "Neighbours": {
      "223": 5.0
    }
  },
  "93": {
    "Position": "-464.0:99.0:-67.0",
    "Neighbours": {
      "94": 7.07,
      "230": 8.12,
      "87": 8.66
    }
  },
  "94": {
    "Position": "-465.0:99.0:-60.0",
    "Neighbours": {
      "222": 5.1,
      "93": 7.07
    }
  },
  "95": {
    "Position": "-472.0:98.0:-51.0",
    "Neighbours": {
      "99": 6.0,
      "222": 6.4,
      "96": 9.27
    }
  },
  "96": {
    "Position": "-474.0:97.0:-42.0",
    "Neighbours": {
      "95": 9.27,
      "97": 10.0
    }
  },
  "97": {
    "Position": "-480.0:97.0:-50.0",
    "Neighbours": {
      "98": 9.0,
      "96": 10.0
    }
  },
  "98": {
    "Position": "-480.0:97.0:-59.0",
    "Neighbours": {
      "99": 8.31,
      "97": 9.0
    }
  },
  "99": {
    "Position": "-472.0:98.0:-57.0",
    "Neighbours": {
      "95": 6.0,
      "98": 8.31
    }
  },
  "100": {
    "Position": "-456.0:98.0:-76.0",
    "Neighbours": {
      "231": 4.47,
      "230": 7.07,
      "101": 8.06,
      "102": 8.06
    }
  },
  "101": {
    "Position": "-460.0:98.0:-83.0",
    "Neighbours": {
      "100": 8.06,
      "230": 8.54
    }
  },
  "102": {
    "Position": "-449.0:98.0:-80.0",
    "Neighbours": {
      "103": 6.71,
      "100": 8.06
    }
  },
  "103": {
    "Position": "-446.0:98.0:-74.0",
    "Neighbours": {
      "231": 6.0,
      "102": 6.71
    }
  },
  "104": {
    "Position": "-448.0:108.0:-77.0",
    "Neighbours": {
      "219": 5.1,
      "84": 13.64
    }
  },
  "105": {
    "Position": "-424.0:110.0:-7.0",
    "Neighbours": {
      "51": 8.06,
      "106": 8.6,
      "114": 10.0,
      "50": 11.4
    }
  },
  "106": {
    "Position": "-431.0:110.0:-2.0",
    "Neighbours": {
      "105": 8.6,
      "116": 9.06,
      "107": 9.85
    }
  },
  "107": {
    "Position": "-440.0:110.0:2.0",
    "Neighbours": {
      "131": 5.1,
      "106": 9.85,
      "116": 10.34,
      "108": 12.69
    }
  },
  "108": {
    "Position": "-444.0:111.0:14.0",
    "Neighbours": {
      "109": 10.2,
      "107": 12.69
    }
  },
  "109": {
    "Position": "-446.0:111.0:24.0",
    "Neighbours": {
      "110": 7.81,
      "111": 8.12,
      "108": 10.2
    }
  },
  "110": {
    "Position": "-452.0:111.0:29.0",
    "Name": "Master Tactician Funk",
    "Tags": [
      "npc"
    ],
    "Neighbours": {
      "258": 3.0,
      "109": 7.81,
      "111": 10.25
    }
  },
  "111": {
    "Position": "-442.0:110.0:31.0",
    "Neighbours": {
      "109": 8.12,
      "112": 9.49,
      "110": 10.25
    }
  },
  "112": {
    "Position": "-434.0:109.0:36.0",
    "Neighbours": {
      "113": 8.0,
      "293": 8.94,
      "111": 9.49,
      "130": 11.87
    }
  },
  "113": {
    "Position": "-426.0:109.0:36.0",
    "Name": "mole",
    "Tags": [
      "grind_mobs"
    ],
    "Neighbours": {
      "112": 8.0,
      "119": 10.82,
      "118": 12.17
    }
  },
  "114": {
    "Position": "-416.0:110.0:-1.0",
    "Neighbours": {
      "105": 10.0,
      "115": 10.0
    }
  },
  "115": {
    "Position": "-410.0:110.0:7.0",
    "Name": "mole",
    "Tags": [
      "grind_mobs"
    ],
    "Neighbours": {
      "114": 10.0,
      "122": 15.3
    }
  },
  "116": {
    "Position": "-431.0:109.0:7.0",
    "Neighbours": {
      "117": 6.71,
      "106": 9.06,
      "107": 10.34
    }
  },
  "117": {
    "Position": "-428.0:109.0:13.0",
    "Name": "mole",
    "Tags": [
      "grind_mobs"
    ],
    "Neighbours": {
      "116": 6.71,
      "181": 6.78
    }
  },
  "118": {
    "Position": "-424.0:109.0:24.0",
    "Neighbours": {
      "181": 5.2,
      "113": 12.17
    }
  },
  "119": {
    "Position": "-422.0:110.0:46.0",
    "Neighbours": {
      "120": 7.28,
      "298": 8.6,
      "249": 9.06,
      "113": 10.82
    }
  },
  "120": {
    "Position": "-415.0:110.0:48.0",
    "Neighbours": {
      "119": 7.28,
      "123": 10.0,
      "121": 13.04
    }
  },
  "121": {
    "Position": "-408.0:110.0:37.0",
    "Neighbours": {
      "120": 13.04,
      "122": 15.03
    }
  },
  "122": {
    "Position": "-407.0:110.0:22.0",
    "Neighbours": {
      "121": 15.03,
      "115": 15.3
    }
  },
  "123": {
    "Position": "-415.0:110.0:58.0",
    "Neighbours": {
      "183": 6.08,
      "120": 10.0
    }
  },
  "124": {
    "Position": "-413.0:110.0:71.0",
    "Name": "Melody",
    "Tags": [
      "npc"
    ],
    "Neighbours": {
      "251": 3.16,
      "182": 3.61,
      "253": 4.47,
      "183": 7.07
    }
  },
  "125": {
    "Position": "-415.0:111.0:82.0",
    "Neighbours": {
      "250": 5.48,
      "126": 8.0
    }
  },
  "126": {
    "Position": "-423.0:111.0:82.0",
    "Neighbours": {
      "127": 7.62,
      "125": 8.0
    }
  },
  "127": {
    "Position": "-420.0:111.0:75.0",
    "Neighbours": {
      "253": 3.74,
      "126": 7.62
    }
  },
  "128": {
    "Position": "-435.0:108.0:46.0",
    "Name": "Savanna Woodland",
    "Tags": [
      "area"
    ],
    "Neighbours": {
      "248": 2.0,
      "247": 4.12,
      "249": 4.12,
      "167": 4.47
    }
  },
  "129": {
    "Position": "-447.0:111.0:45.0",
    "Neighbours": {
      "130": 5.39,
      "247": 8.54
    }
  },
  "130": {
    "Position": "-445.0:111.0:40.0",
    "Neighbours": {
      "129": 5.39,
      "112": 11.87
    }
  },
  "131": {
    "Position": "-440.0:111.0:-3.0",
    "Neighbours": {
      "107": 5.1,
      "52": 10.0
    }
  },
  "132": {
    "Position": "-378.0:98.0:-51.0",
    "Neighbours": {
      "47": 9.27,
      "289": 9.54,
      "133": 13.0
    }
  },
  "133": {
    "Position": "-378.0:98.0:-64.0",
    "Neighbours": {
      "139": 8.25,
      "134": 11.4,
      "132": 13.0,
      "146": 13.04
    }
  },
  "134": {
    "Position": "-369.0:98.0:-71.0",
    "Neighbours": {
      "139": 11.05,
      "133": 11.4,
      "135": 12.37
    }
  },
  "135": {
    "Position": "-359.0:100.0:-78.0",
    "Neighbours": {
      "136": 8.83,
      "134": 12.37
    }
  },
  "136": {
    "Position": "-354.0:102.0:-85.0",
    "Name": "Dark Thicket",
    "Tags": [
      "area"
    ],
    "Neighbours": {
      "137": 6.48,
      "135": 8.83
    }
  },
  "137": {
    "Position": "-359.0:103.0:-89.0",
    "Name": "Trials of Fire",
    "Tags": [
      "small_area"
    ],
    "Neighbours": {
      "138": 5.83,
      "136": 6.48
    }
  },
  "138": {
    "Position": "-364.0:103.0:-92.0",
    "Name": "Ryan",
    "Tags": [
      "npc"
    ],
    "Neighbours": {
      "275": 2.24,
      "137": 5.83
    }
  },
  "139": {
    "Position": "-380.0:98.0:-72.0",
    "Neighbours": {
      "133": 8.25,
      "134": 11.05,
      "140": 11.36
    }
  },
  "140": {
    "Position": "-388.0:99.0:-80.0",
    "Neighbours": {
      "141": 8.31,
      "144": 9.43,
      "139": 11.36
    }
  },
  "141": {
    "Position": "-396.0:100.0:-78.0",
    "Neighbours": {
      "140": 8.31,
      "142": 12.25
    }
  },
  "142": {
    "Position": "-398.0:105.0:-67.0",
    "Neighbours": {
      "143": 9.0,
      "141": 12.25
    }
  },
  "143": {
    "Position": "-398.0:105.0:-58.0",
    "Neighbours": {
      "162": 6.08,
      "142": 9.0
    }
  },
  "144": {
    "Position": "-383.0:99.0:-88.0",
    "Neighbours": {
      "140": 9.43,
      "145": 10.82
    }
  },
  "145": {
    "Position": "-379.0:100.0:-98.0",
    "Neighbours": {
      "144": 10.82
    }
  },
  "146": {
    "Position": "-391.0:98.0:-63.0",
    "Name": "Dark Thicket",
    "Tags": [
      "area"
    ],
    "Neighbours": {
      "164": 4.24,
      "133": 13.04
    }
  },
  "147": {
    "Position": "-397.0:95.0:-69.0",
    "Neighbours": {
      "164": 5.74,
      "148": 12.12
    }
  },
  "148": {
    "Position": "-396.0:90.0:-80.0",
    "Neighbours": {
      "147": 12.12,
      "149": 13.15
    }
  },
  "149": {
    "Position": "-384.0:85.0:-82.0",
    "Neighbours": {
      "165": 5.1,
      "150": 8.6,
      "148": 13.15
    }
  },
  "150": {
    "Position": "-383.0:82.0:-74.0",
    "Neighbours": {
      "151": 7.21,
      "149": 8.6
    }
  },
  "151": {
    "Position": "-387.0:82.0:-68.0",
    "Neighbours": {
      "233": 5.39,
      "150": 7.21,
      "152": 9.7
    }
  },
  "152": {
    "Position": "-390.0:84.0:-59.0",
    "Neighbours": {
      "153": 4.58,
      "158": 7.68,
      "151": 9.7
    }
  },
  "153": {
    "Position": "-392.0:83.0:-55.0",
    "Neighbours": {
      "152": 4.58,
      "155": 9.43,
      "154": 11.18
    }
  },
  "154": {
    "Position": "-403.0:83.0:-57.0",
    "Neighbours": {
      "153": 11.18,
      "155": 18.87
    }
  },
  "155": {
    "Position": "-387.0:83.0:-47.0",
    "Neighbours": {
      "234": 7.62,
      "153": 9.43,
      "154": 18.87
    }
  },
  "156": {
    "Position": "-377.0:85.0:-55.0",
    "Neighbours": {
      "234": 6.16,
      "157": 10.82
    }
  },
  "157": {
    "Position": "-371.0:85.0:-64.0",
    "Name": "Old Shanan Nyko",
    "Tags": [
      "npc"
    ],
    "Neighbours": {
      "166": 3.0,
      "156": 10.82
    }
  },
  "158": {
    "Position": "-383.0:83.0:-62.0",
    "Neighbours": {
      "233": 4.24,
      "152": 7.68,
      "159": 10.77
    }
  },
  "159": {
    "Position": "-375.0:79.0:-68.0",
    "Neighbours": {
      "158": 10.77,
      "160": 11.58
    }
  },
  "160": {
    "Position": "-372.0:77.0:-79.0",
    "Neighbours": {
      "159": 11.58
    }
  },
  "161": {
    "Position": "-363.0:90.0:43.0",
    "Name": "Gustave",
    "Tags": [
      "npc"
    ],
    "Neighbours": {
      "37": 5.39,
      "36": 9.06
    }
  },
  "162": {
    "Position": "-398.0:104.0:-52.0",
    "Neighbours": {
      "163": 4.36
    }
  },
  "163": {
    "Position": "-397.0:101.0:-49.0",
    "Neighbours": {
      "48": 7.87
    }
  },
  "164": {
    "Position": "-395.0:97.0:-64.0",
    "Name": "Howling Cave",
    "Tags": [
      "small_area"
    ],
    "Neighbours": {
      "146": 4.24,
      "147": 5.74
    }
  },
  "165": {
    "Position": "-379.0:84.0:-82.0",
    "Neighbours": {
      "160": 10.34
    }
  },
  "166": {
    "Position": "-373.0:84.0:-66.0",
    "Neighbours": {
      "159": 5.74
    }
  },
  "167": {
    "Position": "-437.0:108.0:50.0",
    "Name": "Soul Cave",
    "Tags": [
      "small_area"
    ],
    "Neighbours": {
      "128": 4.47,
      "168": 5.0
    }
  },
  "168": {
    "Position": "-437.0:105.0:54.0",
    "Neighbours": {
      "167": 5.0,
      "169": 5.83
    }
  },
  "169": {
    "Position": "-432.0:102.0:54.0",
    "Neighbours": {
      "170": 3.74,
      "168": 5.83
    }
  },
  "170": {
    "Position": "-429.0:101.0:52.0",
    "Neighbours": {
      "169": 3.74,
      "172": 7.28,
      "171": 9.43
    }
  },
  "171": {
    "Position": "-423.0:99.0:45.0",
    "Neighbours": {
      "174": 3.74,
      "172": 6.0,
      "170": 9.43
    }
  },
  "172": {
    "Position": "-429.0:99.0:45.0",
    "Neighbours": {
      "173": 5.0,
      "171": 6.0,
      "170": 7.28
    }
  },
  "173": {
    "Position": "-433.0:99.0:42.0",
    "Neighbours": {
      "211": 4.47,
      "172": 5.0,
      "207": 8.12
    }
  },
  "174": {
    "Position": "-420.0:100.0:43.0",
    "Neighbours": {
      "171": 3.74,
      "175": 4.36
    }
  },
  "175": {
    "Position": "-417.0:101.0:40.0",
    "Neighbours": {
      "174": 4.36,
      "176": 5.0,
      "177": 7.0
    }
  },
  "176": {
    "Position": "-412.0:101.0:40.0",
    "Neighbours": {
      "199": 4.36,
      "175": 5.0,
      "200": 5.0
    }
  },
  "177": {
    "Position": "-417.0:101.0:33.0",
    "Neighbours": {
      "203": 4.58,
      "175": 7.0,
      "178": 8.12,
      "179": 8.31
    }
  },
  "178": {
    "Position": "-413.0:100.0:26.0",
    "Neighbours": {
      "184": 4.58,
      "179": 6.08,
      "177": 8.12
    }
  },
  "179": {
    "Position": "-419.0:100.0:25.0",
    "Neighbours": {
      "218": 3.16,
      "178": 6.08,
      "177": 8.31
    }
  },
  "180": {
    "Position": "-468.0:121.0:-43.0",
    "Name": "Molbert",
    "Tags": [
      "npc"
    ],
    "Neighbours": {
      "56": 5.1,
      "55": 6.32
    }
  },
  "181": {
    "Position": "-425.0:110.0:19.0",
    "Neighbours": {
      "118": 5.2,
      "117": 6.78
    }
  },
  "182": {
    "Position": "-411.0:110.0:68.0",
    "Name": "The Harp",
    "Tags": [
      "poi"
    ],
    "Neighbours": {
      "124": 3.61,
      "183": 5.0
    }
  },
  "183": {
    "Position": "-414.0:110.0:64.0",
    "Neighbours": {
      "182": 5.0,
      "252": 5.1,
      "123": 6.08,
      "124": 7.07
    }
  },
  "184": {
    "Position": "-411.0:99.0:22.0",
    "Neighbours": {
      "178": 4.58,
      "185": 6.08
    }
  },
  "185": {
    "Position": "-411.0:98.0:16.0",
    "Neighbours": {
      "184": 6.08,
      "187": 7.0,
      "186": 8.0
    }
  },
  "186": {
    "Position": "-419.0:98.0:16.0",
    "Neighbours": {
      "193": 6.56,
      "185": 8.0,
      "192": 8.66
    }
  },
  "187": {
    "Position": "-411.0:98.0:9.0",
    "Neighbours": {
      "188": 5.1,
      "185": 7.0
    }
  },
  "188": {
    "Position": "-415.0:97.0:6.0",
    "Neighbours": {
      "187": 5.1,
      "189": 5.1
    }
  },
  "189": {
    "Position": "-418.0:96.0:2.0",
    "Neighbours": {
      "188": 5.1,
      "191": 6.4,
      "190": 9.85
    }
  },
  "190": {
    "Position": "-427.0:96.0:-2.0",
    "Neighbours": {
      "191": 6.78,
      "217": 8.25,
      "189": 9.85
    }
  },
  "191": {
    "Position": "-424.0:95.0:4.0",
    "Neighbours": {
      "189": 6.4,
      "190": 6.78,
      "192": 7.28
    }
  },
  "192": {
    "Position": "-424.0:93.0:11.0",
    "Neighbours": {
      "191": 7.28,
      "193": 8.25
    }
  },
  "193": {
    "Position": "-422.0:93.0:19.0",
    "Neighbours": {
      "194": 7.07,
      "192": 8.25
    }
  },
  "194": {
    "Position": "-421.0:93.0:26.0",
    "Neighbours": {
      "196": 6.71,
      "193": 7.07,
      "195": 8.49
    }
  },
  "195": {
    "Position": "-427.0:93.0:32.0",
    "Neighbours": {
      "201": 5.1,
      "202": 5.1,
      "194": 8.49,
      "196": 9.0
    }
  },
  "196": {
    "Position": "-418.0:93.0:32.0",
    "Neighbours": {
      "194": 6.71,
      "197": 7.62,
      "195": 9.0
    }
  },
  "197": {
    "Position": "-411.0:93.0:35.0",
    "Neighbours": {
      "198": 5.39,
      "196": 7.62
    }
  },
  "198": {
    "Position": "-409.0:93.0:40.0",
    "Neighbours": {
      "197": 5.39
    }
  },
  "199": {
    "Position": "-411.0:98.0:37.0",
    "Neighbours": {
      "197": 5.39
    }
  },
  "200": {
    "Position": "-409.0:97.0:40.0",
    "Neighbours": {
      "198": 4.0
    }
  },
  "201": {
    "Position": "-430.0:94.0:28.0",
    "Neighbours": {
      "195": 5.1,
      "212": 5.74,
      "202": 7.35
    }
  },
  "202": {
    "Position": "-431.0:92.0:35.0",
    "Neighbours": {
      "195": 5.1,
      "201": 7.35,
      "204": 7.35
    }
  },
  "203": {
    "Position": "-421.0:99.0:32.0",
    "Neighbours": {
      "196": 6.71,
      "194": 8.49,
      "195": 8.49
    }
  },
  "204": {
    "Position": "-438.0:91.0:37.0",
    "Neighbours": {
      "205": 7.28,
      "202": 7.35
    }
  },
  "205": {
    "Position": "-445.0:91.0:39.0",
    "Neighbours": {
      "206": 5.83,
      "204": 7.28
    }
  },
  "206": {
    "Position": "-442.0:91.0:44.0",
    "Neighbours": {
      "205": 5.83,
      "207": 8.06
    }
  },
  "207": {
    "Position": "-434.0:91.0:43.0",
    "Neighbours": {
      "208": 6.32,
      "206": 8.06
    }
  },
  "208": {
    "Position": "-428.0:91.0:45.0",
    "Neighbours": {
      "209": 5.0,
      "207": 6.32
    }
  },
  "209": {
    "Position": "-423.0:91.0:45.0",
    "Neighbours": {
      "210": 3.61,
      "208": 5.0
    }
  },
  "210": {
    "Position": "-420.0:91.0:43.0",
    "Name": "Fairy Soul",
    "Tags": [
      "fairy_soul"
    ],
    "Neighbours": {
      "209": 3.61
    }
  },
  "211": {
    "Position": "-433.0:95.0:40.0",
    "Neighbours": {
      "202": 6.16,
      "204": 7.07
    }
  },
  "212": {
    "Position": "-434.0:95.0:24.0",
    "Neighbours": {
      "201": 5.74,
      "213": 8.54,
      "214": 9.49
    }
  },
  "213": {
    "Position": "-437.0:95.0:16.0",
    "Neighbours": {
      "215": 6.16,
      "214": 7.81,
      "212": 8.54
    }
  },
  "214": {
    "Position": "-443.0:95.0:21.0",
    "Neighbours": {
      "213": 7.81,
      "216": 8.06,
      "212": 9.49
    }
  },
  "215": {
    "Position": "-438.0:96.0:10.0",
    "Neighbours": {
      "213": 6.16,
      "216": 6.78,
      "217": 10.44
    }
  },
  "216": {
    "Position": "-444.0:95.0:13.0",
    "Neighbours": {
      "215": 6.78,
      "214": 8.06
    }
  },
  "217": {
    "Position": "-435.0:96.0:0.0",
    "Neighbours": {
      "190": 8.25,
      "215": 10.44
    }
  },
  "218": {
    "Position": "-420.0:100.0:22.0",
    "Neighbours": {
      "193": 7.87
    }
  },
  "219": {
    "Position": "-453.0:108.0:-76.0",
    "Neighbours": {
      "100": 10.44
    }
  },
  "220": {
    "Position": "-472.0:105.0:-53.0",
    "Neighbours": {
      "221": 5.2
    }
  },
  "221": {
    "Position": "-473.0:100.0:-54.0",
    "Neighbours": {
      "95": 3.74,
      "99": 3.74,
      "222": 5.74
    }
  },
  "222": {
    "Position": "-468.0:98.0:-56.0",
    "Neighbours": {
      "94": 5.1,
      "95": 6.4
    }
  },
  "223": {
    "Position": "-479.0:107.0:-54.0",
    "Neighbours": {
      "225": 4.0,
      "92": 5.0,
      "91": 6.08
    }
  },
  "224": {
    "Position": "-468.0:105.0:-59.0",
    "Neighbours": {
      "227": 5.39,
      "89": 5.48,
      "88": 7.0,
      "220": 7.21
    }
  },
  "225": {
    "Position": "-475.0:107.0:-54.0",
    "Neighbours": {
      "220": 3.74,
      "226": 6.16
    }
  },
  "226": {
    "Position": "-469.0:106.0:-53.0",
    "Neighbours": {
      "89": 3.16,
      "220": 3.16
    }
  },
  "227": {
    "Position": "-464.0:103.0:-62.0",
    "Neighbours": {
      "94": 4.58,
      "93": 6.4
    }
  },
  "228": {
    "Position": "-457.0:107.0:-86.0",
    "Neighbours": {
      "229": 5.1,
      "85": 5.2,
      "84": 6.71
    }
  },
  "229": {
    "Position": "-460.0:106.0:-82.0",
    "Neighbours": {
      "101": 8.06,
      "100": 10.77,
      "230": 11.05
    }
  },
  "230": {
    "Position": "-463.0:98.0:-75.0",
    "Neighbours": {
      "87": 6.4,
      "100": 7.07,
      "93": 8.12,
      "101": 8.54
    }
  },
  "231": {
    "Position": "-452.0:98.0:-74.0",
    "Neighbours": {
      "100": 4.47,
      "103": 6.0
    }
  },
  "232": {
    "Position": "-472.0:101.0:-70.0",
    "Neighbours": {
      "87": 5.1,
      "88": 5.48
    }
  },
  "233": {
    "Position": "-387.0:84.0:-63.0",
    "Neighbours": {
      "158": 4.24,
      "151": 5.39
    }
  },
  "234": {
    "Position": "-380.0:83.0:-50.0",
    "Neighbours": {
      "156": 6.16,
      "155": 7.62
    }
  },
  "235": {
    "Position": "-352.0:91.0:-4.0",
    "Neighbours": {
      "22": 6.16,
      "20": 8.06
    }
  },
  "236": {
    "Position": "-338.0:90.0:47.0",
    "Name": "Spruce Woods",
    "Tags": [
      "area"
    ],
    "Neighbours": {
      "26": 6.32,
      "25": 7.21
    }
  },
  "237": {
    "Position": "-358.0:91.0:36.0",
    "Neighbours": {
      "37": 3.74,
      "36": 7.28,
      "44": 7.68
    }
  },
  "238": {
    "Position": "-314.0:74.0:-46.0",
    "Neighbours": {
      "239": 5.39,
      "18": 5.48
    }
  },
  "239": {
    "Position": "-312.0:71.0:-42.0",
    "Neighbours": {
      "240": 4.12,
      "238": 5.39
    }
  },
  "240": {
    "Position": "-311.0:71.0:-38.0",
    "Neighbours": {
      "239": 4.12,
      "241": 7.87
    }
  },
  "241": {
    "Position": "-305.0:72.0:-33.0",
    "Name": "Fairy Soul",
    "Tags": [
      "fairy_soul"
    ],
    "Neighbours": {
      "240": 7.87,
      "280": 10.82
    }
  },
  "242": {
    "Position": "-283.0:82.0:-5.0",
    "Neighbours": {
      "2": 5.0,
      "3": 7.21
    }
  },
  "243": {
    "Position": "-297.0:82.0:0.0",
    "Neighbours": {
      "273": 3.61,
      "274": 6.08,
      "4": 7.62,
      "3": 8.06
    }
  },
  "244": {
    "Position": "-433.0:123.0:-97.0",
    "Neighbours": {
      "245": 6.16,
      "62": 7.07,
      "60": 12.21
    }
  },
  "245": {
    "Position": "-428.0:121.0:-100.0",
    "Neighbours": {
      "246": 4.69,
      "244": 6.16
    }
  },
  "246": {
    "Position": "-425.0:119.0:-103.0",
    "Name": "egg",
    "Tags": [
      "hoppity"
    ],
    "Neighbours": {
      "245": 4.69
    }
  },
  "247": {
    "Position": "-439.0:108.0:45.0",
    "Neighbours": {
      "128": 4.12,
      "248": 4.12,
      "129": 8.54
    }
  },
  "248": {
    "Position": "-435.0:108.0:44.0",
    "Name": "egg",
    "Tags": [
      "hoppity"
    ],
    "Neighbours": {
      "128": 2.0,
      "247": 4.12,
      "249": 4.58
    }
  },
  "249": {
    "Position": "-431.0:109.0:46.0",
    "Neighbours": {
      "128": 4.12,
      "248": 4.58,
      "119": 9.06
    }
  },
  "250": {
    "Position": "-413.0:110.0:77.0",
    "Neighbours": {
      "251": 3.16,
      "125": 5.48,
      "253": 5.66,
      "252": 8.25
    }
  },
  "251": {
    "Position": "-412.0:110.0:74.0",
    "Name": "egg",
    "Tags": [
      "hoppity"
    ],
    "Neighbours": {
      "124": 3.16,
      "250": 3.16,
      "253": 5.1
    }
  },
  "252": {
    "Position": "-415.0:110.0:69.0",
    "Neighbours": {
      "253": 4.47,
      "183": 5.1,
      "250": 8.25
    }
  },
  "253": {
    "Position": "-417.0:110.0:73.0",
    "Neighbours": {
      "127": 3.74,
      "124": 4.47,
      "252": 4.47,
      "251": 5.1,
      "250": 5.66
    }
  },
  "254": {
    "Position": "-305.0:76.0:-75.0",
    "Neighbours": {
      "256": 4.12,
      "15": 5.39,
      "16": 8.25
    }
  },
  "255": {
    "Position": "-305.0:77.0:-82.0",
    "Name": "egg",
    "Tags": [
      "hoppity"
    ],
    "Neighbours": {
      "256": 3.0
    }
  },
  "256": {
    "Position": "-305.0:77.0:-79.0",
    "Name": "Vanessa",
    "Tags": [
      "npc"
    ],
    "Neighbours": {
      "255": 3.0,
      "254": 4.12
    }
  },
  "257": {
    "Position": "-336.0:91.0:78.0",
    "Name": "egg",
    "Tags": [
      "hoppity"
    ],
    "Neighbours": {
      "32": 3.0,
      "31": 4.12
    }
  },
  "258": {
    "Position": "-455.0:111.0:29.0",
    "Name": "Egg",
    "Tags": [
      "hoppity"
    ],
    "Neighbours": {
      "110": 3.0
    }
  },
  "259": {
    "Position": "-483.0:118.0:-42.0",
    "Neighbours": {
      "75": 4.12,
      "260": 5.1,
      "74": 5.2
    }
  },
  "260": {
    "Position": "-486.0:119.0:-38.0",
    "Neighbours": {
      "261": 3.74,
      "75": 4.58,
      "259": 5.1
    }
  },
  "261": {
    "Position": "-487.0:117.0:-35.0",
    "Name": "egg",
    "Tags": [
      "hoppity"
    ],
    "Neighbours": {
      "260": 3.74,
      "265": 3.74
    }
  },
  "262": {
    "Position": "-476.0:122.0:-35.0",
    "Neighbours": {
      "264": 4.12,
      "55": 6.4,
      "263": 6.78
    }
  },
  "263": {
    "Position": "-473.0:121.0:-41.0",
    "Neighbours": {
      "55": 5.0,
      "74": 5.74,
      "262": 6.78
    }
  },
  "264": {
    "Position": "-480.0:122.0:-34.0",
    "Neighbours": {
      "266": 3.16,
      "262": 4.12
    }
  },
  "265": {
    "Position": "-484.0:118.0:-33.0",
    "Name": "Fairy Soul",
    "Tags": [
      "fairy_soul"
    ],
    "Neighbours": {
      "261": 3.74
    }
  },
  "266": {
    "Position": "-483.0:122.0:-33.0",
    "Neighbours": {
      "265": 4.12
    }
  },
  "267": {
    "Position": "-455.0:122.0:-81.0",
    "Neighbours": {
      "268": 3.32,
      "79": 4.36,
      "77": 5.1
    }
  },
  "268": {
    "Position": "-458.0:121.0:-82.0",
    "Neighbours": {
      "269": 2.24,
      "267": 3.32
    }
  },
  "269": {
    "Position": "-460.0:120.0:-82.0",
    "Name": "egg",
    "Tags": [
      "hoppity"
    ],
    "Neighbours": {
      "268": 2.24,
      "299": 3.0,
      "76": 3.16
    }
  },
  "270": {
    "Position": "-264.0:85.0:-20.0",
    "Name": "egg",
    "Tags": [
      "hoppity"
    ],
    "Neighbours": {
      "271": 3.0,
      "1": 8.12
    }
  },
  "271": {
    "Position": "-265.0:83.0:-18.0",
    "Neighbours": {
      "0": 3.0,
      "270": 3.0
    }
  },
  "272": {
    "Position": "-303.0:82.0:4.0",
    "Name": "egg",
    "Tags": [
      "hoppity"
    ],
    "Neighbours": {
      "274": 3.0,
      "273": 4.12
    }
  },
  "273": {
    "Position": "-299.0:82.0:3.0",
    "Neighbours": {
      "243": 3.61,
      "272": 4.12
    }
  },
  "274": {
    "Position": "-303.0:82.0:1.0000000000000002",
    "Neighbours": {
      "272": 3.0,
      "4": 4.12,
      "243": 6.08
    }
  },
  "275": {
    "Position": "-365.0:103.0:-94.0",
    "Name": "egg",
    "Tags": [
      "hoppity"
    ],
    "Neighbours": {
      "138": 2.24
    }
  },
  "276": {
    "Position": "-292.0:70.0:13.0",
    "Name": "Fairy Soul",
    "Tags": [
      "fairy_soul"
    ],
    "Neighbours": {
      "277": 3.61
    }
  },
  "277": {
    "Position": "-295.0:70.0:15.0",
    "Neighbours": {
      "276": 3.61,
      "278": 9.0
    }
  },
  "278": {
    "Position": "-295.0:79.0:15.0",
    "Neighbours": {
      "279": 6.56,
      "277": 9.0
    }
  },
  "279": {
    "Position": "-290.0:82.0:12.0",
    "Neighbours": {
      "278": 6.56,
      "3": 13.04
    }
  },
  "280": {
    "Position": "-309.0:71.0:-43.0",
    "Neighbours": {
      "281": 9.85,
      "241": 10.82
    }
  },
  "281": {
    "Position": "-309.0:75.0:-52.0",
    "Neighbours": {
      "282": 6.71,
      "280": 9.85
    }
  },
  "282": {
    "Position": "-304.0:77.0:-56.0",
    "Neighbours": {
      "281": 6.71,
      "13": 10.05
    }
  },
  "283": {
    "Position": "-310.0:77.0:-80.0",
    "Neighbours": {
      "284": 4.24,
      "16": 7.68
    }
  },
  "284": {
    "Position": "-309.0:76.0:-84.0",
    "Neighbours": {
      "285": 3.0,
      "283": 4.24
    }
  },
  "285": {
    "Position": "-306.0:76.0:-84.0",
    "Name": "Fairy Soul",
    "Tags": [
      "fairy_soul"
    ],
    "Neighbours": {
      "284": 3.0
    }
  },
  "286": {
    "Position": "-343.0:92.0:61.0",
    "Neighbours": {
      "29": 4.47,
      "30": 6.08,
      "287": 9.8
    }
  },
  "287": {
    "Position": "-339.0:100.0:65.0",
    "Neighbours": {
      "288": 2.0,
      "286": 9.8
    }
  },
  "288": {
    "Position": "-339.0:100.0:67.0",
    "Name": "Fairy Soul",
    "Tags": [
      "fairy_soul"
    ],
    "Neighbours": {
      "287": 2.0
    }
  },
  "289": {
    "Position": "-369.0:97.0:-48.0",
    "Neighbours": {
      "290": 2.45,
      "132": 9.54
    }
  },
  "290": {
    "Position": "-368.0:96.0:-46.0",
    "Neighbours": {
      "289": 2.45,
      "291": 7.0
    }
  },
  "291": {
    "Position": "-368.0:89.0:-46.0",
    "Neighbours": {
      "292": 2.83,
      "290": 7.0
    }
  },
  "292": {
    "Position": "-370.0:89.0:-44.0",
    "Name": "Fairy Soul",
    "Tags": [
      "fairy_soul"
    ],
    "Neighbours": {
      "291": 2.83
    }
  },
  "293": {
    "Position": "-434.0:117.0:40.0",
    "Neighbours": {
      "294": 5.0,
      "112": 8.94
    }
  },
  "294": {
    "Position": "-434.0:122.0:40.0",
    "Neighbours": {
      "293": 5.0,
      "297": 7.68,
      "295": 12.04
    }
  },
  "295": {
    "Position": "-434.0:123.0:52.0",
    "Neighbours": {
      "296": 4.12,
      "297": 5.83,
      "294": 12.04
    }
  },
  "296": {
    "Position": "-434.0:122.0:56.0",
    "Name": "Fairy Soul",
    "Tags": [
      "fairy_soul"
    ],
    "Neighbours": {
      "295": 4.12
    }
  },
  "297": {
    "Position": "-431.0:123.0:47.0",
    "Neighbours": {
      "295": 5.83,
      "294": 7.68,
      "298": 7.81
    }
  },
  "298": {
    "Position": "-425.0:118.0:47.0",
    "Neighbours": {
      "297": 7.81,
      "119": 8.6
    }
  },
  "299": {
    "Position": "-458.0:119.0:-84.0",
    "Name": "Fairy Soul",
    "Tags": [
      "fairy_soul"
    ],
    "Neighbours": {
      "269": 3.0
    }
  },
  "300": {
    "Position": "-411.0:128.0:-115.0",
    "Neighbours": {
      "301": 4.0,
      "65": 6.78
    }
  },
  "301": {
    "Position": "-411.0:124.0:-115.0",
    "Neighbours": {
      "302": 3.32,
      "300": 4.0
    }
  },
  "302": {
    "Position": "-412.0:123.0:-118.0",
    "Name": "Fairy Soul",
    "Tags": [
      "fairy_soul"
    ],
    "Neighbours": {
      "301": 3.32
    }
  },
  "303": {
    "Position": "-464.0:124.0:-105.0",
    "Neighbours": {
      "304": 8.06,
      "66": 8.94
    }
  },
  "304": {
    "Position": "-464.0:117.0:-109.0",
    "Neighbours": {
      "303": 8.06,
      "305": 9.06
    }
  },
  "305": {
    "Position": "-465.0:108.0:-109.0",
    "Neighbours": {
      "306": 4.0,
      "304": 9.06
    }
  },
  "306": {
    "Position": "-465.0:108.0:-105.0",
    "Name": "Fairy Soul",
    "Tags": [
      "fairy_soul"
    ],
    "Neighbours": {
      "305": 4.0
    }
  }
}
