{
  "itemid": "minecraft:prismarine_shard",
  "displayname": "§fAttribute Shard",
  "nbttag": "{HideFlags:254,display:{Lore:[0:\"§bFisherman VIII\",1:\"§7Has a §a32% §7chance not to consume\",2:\"§7any bait.\",3:\"\",4:\"§7Combine with items in the §bAttribute\",5:\"§bFusion §7menu to apply attributes.\",6:\"\",7:\"§f§lCOMMON\"],Name:\"§fAttribute Shard\"},ExtraAttributes:{attributes:{fisherman:8},id:\"ATTRIBUTE_SHARD_FISHERMAN;8\"}}",
  "damage": 0,
  "lore": [
    "§bFisherman VIII",
    "§7Has a §a32% §7chance not to consume",
    "§7any bait.",
    "",
    "§7Combine with items in the §bAttribute",
    "§bFusion §7menu to apply attributes.",
    "",
    "§f§lCOMMON"
  ],
  "internalname": "ATTRIBUTE_SHARD_FISHERMAN;8",
  "crafttext": "",
  "clickcommand": "",
  "modver": "",
  "infoType": "WIKI_URL",
  "info": [
    "https://hypixel-skyblock.fandom.com/wiki/Attributes#List_of_Attributes",
    "https://wiki.hypixel.net/Attributes#All_Attributes"
  ]
}