{
  "itemid": "minecraft:prismarine_shard",
  "displayname": "§fAttribute Shard",
  "nbttag": "{HideFlags:254,display:{Lore:[0:\"§bLifeline IV\",1:\"§7When under §c20% §7maximum HP, your §c❁\",2:\"§cDamage §7and §a❈ Defense §7increase by\",3:\"§7§a10%§7.\",4:\"\",5:\"§7Combine with items in the §bAttribute\",6:\"§bFusion §7menu to apply attributes.\",7:\"\",8:\"§f§lCOMMON\"],Name:\"§fAttribute Shard\"},ExtraAttributes:{attributes:{lifeline:4},id:\"ATTRIBUTE_SHARD_LIFELINE;4\"}}",
  "damage": 0,
  "lore": [
    "§bLifeline IV",
    "§7When under §c20% §7maximum HP, your §c❁",
    "§cDamage §7and §a❈ Defense §7increase by",
    "§7§a10%§7.",
    "",
    "§7Combine with items in the §bAttribute",
    "§bFusion §7menu to apply attributes.",
    "",
    "§f§lCOMMON"
  ],
  "internalname": "ATTRIBUTE_SHARD_LIFELINE;4",
  "crafttext": "",
  "clickcommand": "",
  "modver": "2.5.0",
  "infoType": "WIKI_URL",
  "info": [
    "https://hypixel-skyblock.fandom.com/wiki/Attributes#List_of_Attributes",
    "https://wiki.hypixel.net/Attributes#All_Attributes"
  ]
}